{"type":"FeatureCollection","features":[{"type":"Feature","geometry":{"type":"Polygon","coordinates":[[[-75.573073,6.358147],[-75.573092,6.358031],[-75.573036,6.357844],[-75.573032,6.357532],[-75.572963,6.357504],[-75.572738,6.35715],[-75.572729,6.357069],[-75.572627,6.356882],[-75.57255,6.356314],[-75.57247,6.356199],[-75.572399,6.355912],[-75.5722,6.355892],[-75.57196,6.355574],[-75.571572,6.355312],[-75.570919,6.355137],[-75.570619,6.355153],[-75.570157,6.355105],[-75.570087,6.355378],[-75.569973,6.3555],[-75.569805,6.355875],[-75.569734,6.355916],[-75.569691,6.356015],[-75.56964,6.356053],[-75.569666,6.356294],[-75.569442,6.356682],[-75.569356,6.356619],[-75.569257,6.35683],[-75.569209,6.356992],[-75.569314,6.35735],[-75.569297,6.357444],[-75.569113,6.357668],[-75.568867,6.357852],[-75.56854,6.358366],[-75.568526,6.358446],[-75.568555,6.358506],[-75.568537,6.358528],[-75.568572,6.358541],[-75.56874,6.358517],[-75.569006,6.358232],[-75.569142,6.35795],[-75.569318,6.357854],[-75.569371,6.357778],[-75.569394,6.357931],[-75.569557,6.358356],[-75.569487,6.358566],[-75.569499,6.358734],[-75.56939,6.358899],[-75.5695,6.359295],[-75.569624,6.359375],[-75.569642,6.359529],[-75.569808,6.359776],[-75.570002,6.359849],[-75.570113,6.359848],[-75.570482,6.359957],[-75.570512,6.359851],[-75.570439,6.359717],[-75.570539,6.359431],[-75.570526,6.359257],[-75.570795,6.35872],[-75.570831,6.358474],[-75.570907,6.358302],[-75.570886,6.358155],[-75.571077,6.358127],[-75.571347,6.358234],[-75.573073,6.358147]]]},"properties":{"Nombre":"Urb.Villa Linda","CodigoPOT":"Sin codigo","codigoDANE":"Sin codigo","CodigoCatastro":"Sin codigo","CodCOMUNA":"06","Extension":0.151,"Poblacion":0,"EstratoPredom":"Por definir."}},{"type":"Feature","geometry":{"type":"Polygon","coordinates":[[[-75.574178,6.357532],[-75.574066,6.357364],[-75.573812,6.357297],[-75.573715,6.357241],[-75.573532,6.356845],[-75.573344,6.357034],[-75.573154,6.35704],[-75.573139,6.357166],[-75.573168,6.357286],[-75.573133,6.357398],[-75.573032,6.357532],[-75.573022,6.35769],[-75.573092,6.358031],[-75.573061,6.358192],[-75.573069,6.3584],[-75.573105,6.358459],[-75.573194,6.35851],[-75.5732,6.35867],[-75.573405,6.358935],[-75.573745,6.359162],[-75.573681,6.35966],[-75.573705,6.359796],[-75.573658,6.359971],[-75.573804,6.360261],[-75.573896,6.360287],[-75.574104,6.360246],[-75.574325,6.360303],[-75.574415,6.36044],[-75.574384,6.360643],[-75.574435,6.360753],[-75.574456,6.360741],[-75.574454,6.360799],[-75.574549,6.360638],[-75.574536,6.360356],[-75.574581,6.360156],[-75.574625,6.360097],[-75.574718,6.360073],[-75.574721,6.360031],[-75.574988,6.360163],[-75.575301,6.360388],[-75.575489,6.360423],[-75.575922,6.360356],[-75.576016,6.360392],[-75.575928,6.360234],[-75.575865,6.360198],[-75.575527,6.360215],[-75.575306,6.360183],[-75.575208,6.360114],[-75.57509,6.359912],[-75.574864,6.359837],[-75.574757,6.359725],[-75.574731,6.359562],[-75.574852,6.359186],[-75.574649,6.358888],[-75.574608,6.358644],[-75.574537,6.358555],[-75.57449,6.358395],[-75.574242,6.35816],[-75.574156,6.358025],[-75.574154,6.357912],[-75.5743,6.357795],[-75.574178,6.357532]]]},"properties":{"Nombre":"Sector Tierradentro","CodigoPOT":" ","codigoDANE":" ","CodigoCatastro":" ","CodCOMUNA":" ","Extension":0,"Poblacion":0,"EstratoPredom":" "}},{"type":"Feature","geometry":{"type":"Polygon","coordinates":[[[-75.56899,6.356985],[-75.568856,6.357357],[-75.568907,6.357505],[-75.568616,6.357839],[-75.568486,6.358369],[-75.568496,6.358501],[-75.568537,6.358528],[-75.56854,6.358366],[-75.568782,6.357968],[-75.56894,6.357786],[-75.569113,6.357668],[-75.569297,6.357444],[-75.569314,6.35735],[-75.569209,6.356992],[-75.569257,6.35683],[-75.569356,6.356619],[-75.569442,6.356682],[-75.569666,6.356294],[-75.56964,6.356053],[-75.569691,6.356015],[-75.569734,6.355916],[-75.569805,6.355875],[-75.569973,6.3555],[-75.570087,6.355378],[-75.570157,6.355105],[-75.570619,6.355153],[-75.570919,6.355137],[-75.571572,6.355312],[-75.57196,6.355574],[-75.5722,6.355892],[-75.572399,6.355912],[-75.57247,6.356199],[-75.57255,6.356314],[-75.572627,6.356882],[-75.572729,6.357069],[-75.572738,6.35715],[-75.573001,6.357538],[-75.573089,6.357469],[-75.573168,6.357286],[-75.573139,6.357166],[-75.573154,6.35704],[-75.573344,6.357034],[-75.573532,6.356845],[-75.573715,6.357241],[-75.573812,6.357297],[-75.574066,6.357364],[-75.574178,6.357532],[-75.573958,6.356881],[-75.573901,6.356807],[-75.573704,6.356701],[-75.573647,6.3566],[-75.573619,6.35627],[-75.573387,6.355894],[-75.573333,6.35551],[-75.572956,6.355125],[-75.572828,6.354911],[-75.572901,6.354628],[-75.572821,6.354508],[-75.572857,6.354323],[-75.572831,6.354168],[-75.572847,6.353832],[-75.572689,6.353642],[-75.572476,6.353121],[-75.572595,6.352535],[-75.572674,6.352611],[-75.572684,6.352543],[-75.572783,6.352524],[-75.572833,6.35246],[-75.572946,6.352606],[-75.573173,6.352613],[-75.573293,6.352666],[-75.57369,6.352516],[-75.573879,6.352516],[-75.573996,6.352472],[-75.574035,6.352597],[-75.574519,6.352867],[-75.574542,6.352946],[-75.574526,6.353113],[-75.574601,6.353325],[-75.574531,6.353497],[-75.574567,6.353698],[-75.574456,6.353828],[-75.574714,6.353674],[-75.57493,6.35324],[-75.575027,6.353169],[-75.575178,6.353129],[-75.575425,6.352946],[-75.575466,6.352765],[-75.575528,6.352748],[-75.575716,6.352925],[-75.575819,6.352967],[-75.575994,6.352893],[-75.576163,6.352759],[-75.575914,6.352892],[-75.575787,6.352887],[-75.575651,6.352767],[-75.575497,6.352542],[-75.575307,6.352429],[-75.575213,6.352318],[-75.575098,6.352277],[-75.575002,6.352317],[-75.574773,6.352543],[-75.574635,6.352616],[-75.574506,6.352637],[-75.574286,6.35242],[-75.574053,6.352059],[-75.573978,6.351994],[-75.5739,6.352026],[-75.573841,6.352207],[-75.57376,6.352234],[-75.573695,6.35231],[-75.573603,6.352328],[-75.573379,6.352245],[-75.573252,6.352274],[-75.572935,6.352076],[-75.572657,6.351975],[-75.572595,6.351868],[-75.572696,6.351761],[-75.572843,6.351692],[-75.572925,6.351433],[-75.572917,6.351329],[-75.57298,6.35123],[-75.572984,6.351165],[-75.572813,6.350889],[-75.572667,6.3508],[-75.572599,6.35067],[-75.572513,6.350592],[-75.57239,6.350591],[-75.572179,6.350139],[-75.571982,6.350077],[-75.571793,6.349937],[-75.571697,6.349917],[-75.571461,6.349682],[-75.571254,6.349538],[-75.571036,6.349201],[-75.571201,6.349081],[-75.571299,6.3491],[-75.571383,6.349067],[-75.571794,6.349129],[-75.572001,6.349119],[-75.572112,6.349061],[-75.572158,6.349],[-75.572144,6.348933],[-75.572036,6.34887],[-75.572055,6.348739],[-75.572009,6.34865],[-75.572033,6.348741],[-75.572003,6.348793],[-75.571816,6.348607],[-75.571732,6.348423],[-75.571529,6.348292],[-75.571453,6.348089],[-75.571503,6.347876],[-75.571578,6.347804],[-75.571946,6.34719],[-75.572251,6.347093],[-75.572413,6.347078],[-75.572555,6.347123],[-75.572701,6.347103],[-75.573028,6.347221],[-75.573035,6.34725],[-75.57331,6.347255],[-75.573493,6.34734],[-75.573556,6.347342],[-75.573573,6.347289],[-75.573216,6.346902],[-75.572992,6.346791],[-75.572575,6.346402],[-75.57246,6.346402],[-75.572333,6.346293],[-75.571998,6.346206],[-75.571774,6.346057],[-75.571782,6.346],[-75.571526,6.345717],[-75.571459,6.345438],[-75.571446,6.345277],[-75.571496,6.345188],[-75.571657,6.345106],[-75.571368,6.344732],[-75.571065,6.344572],[-75.570745,6.34445],[-75.569772,6.344231],[-75.569763,6.343943],[-75.569828,6.34348],[-75.569868,6.343401],[-75.570047,6.343135],[-75.570668,6.342449],[-75.570671,6.342098],[-75.571072,6.342106],[-75.571119,6.34114],[-75.571096,6.340896],[-75.571179,6.340838],[-75.572432,6.340857],[-75.572501,6.339805],[-75.572718,6.339816],[-75.572714,6.339885],[-75.572895,6.339895],[-75.572891,6.339968],[-75.573115,6.33998],[-75.573113,6.340017],[-75.573188,6.340021],[-75.573182,6.34013],[-75.573331,6.340138],[-75.573325,6.340245],[-75.5734,6.340249],[-75.573398,6.340286],[-75.573547,6.340294],[-75.573541,6.340407],[-75.573601,6.340416],[-75.573606,6.340462],[-75.573722,6.34059],[-75.57393,6.340579],[-75.573902,6.341099],[-75.574029,6.341107],[-75.574021,6.341251],[-75.573771,6.341239],[-75.573772,6.34129],[-75.574263,6.341358],[-75.574364,6.341332],[-75.574737,6.341464],[-75.574739,6.341529],[-75.574923,6.341539],[-75.574896,6.342074],[-75.574874,6.34208],[-75.574705,6.342068],[-75.574144,6.341889],[-75.573772,6.341827],[-75.573701,6.343849],[-75.572564,6.3438],[-75.572369,6.343582],[-75.571902,6.343551],[-75.571831,6.343631],[-75.572929,6.344259],[-75.573444,6.344604],[-75.573279,6.344876],[-75.573417,6.344958],[-75.573461,6.345164],[-75.573737,6.345312],[-75.573752,6.345409],[-75.573629,6.34563],[-75.573711,6.345681],[-75.573865,6.345958],[-75.574044,6.34615],[-75.573944,6.346287],[-75.57414,6.346457],[-75.574363,6.346592],[-75.574564,6.346517],[-75.574697,6.346594],[-75.574847,6.346628],[-75.575597,6.34731],[-75.57581,6.347462],[-75.575891,6.347585],[-75.575822,6.34765],[-75.575517,6.347535],[-75.575368,6.347391],[-75.575306,6.347273],[-75.57495,6.347064],[-75.574753,6.346898],[-75.574394,6.346897],[-75.573759,6.347183],[-75.573814,6.347444],[-75.574053,6.347766],[-75.574327,6.347864],[-75.574773,6.34791],[-75.575232,6.347809],[-75.575217,6.347781],[-75.574938,6.347764],[-75.574505,6.347643],[-75.574244,6.347519],[-75.574214,6.347337],[-75.574451,6.347048],[-75.574604,6.347028],[-75.574809,6.347067],[-75.574974,6.34716],[-75.575334,6.347462],[-75.57554,6.34769],[-75.575691,6.347774],[-75.576044,6.348131],[-75.576352,6.348331],[-75.576535,6.348687],[-75.57668,6.348769],[-75.576696,6.348912],[-75.576805,6.348958],[-75.576749,6.34875],[-75.576749,6.348515],[-75.57688,6.348403],[-75.576528,6.348023],[-75.576442,6.347705],[-75.576608,6.347533],[-75.576786,6.347498],[-75.577151,6.347718],[-75.577438,6.347763],[-75.577591,6.347752],[-75.577517,6.347695],[-75.577339,6.347674],[-75.577198,6.347502],[-75.577175,6.347321],[-75.57706,6.347218],[-75.577145,6.347126],[-75.577208,6.347105],[-75.577281,6.347105],[-75.577346,6.347162],[-75.577379,6.347148],[-75.57748,6.346911],[-75.577597,6.346881],[-75.577846,6.346895],[-75.577876,6.346825],[-75.577826,6.346707],[-75.577888,6.346532],[-75.578041,6.346559],[-75.578074,6.346601],[-75.578209,6.346645],[-75.578124,6.34639],[-75.577894,6.346173],[-75.577887,6.34607],[-75.577797,6.346026],[-75.577762,6.345868],[-75.577866,6.345821],[-75.577729,6.34566],[-75.577627,6.345392],[-75.577481,6.345291],[-75.577446,6.345145],[-75.577508,6.345039],[-75.577588,6.344985],[-75.577551,6.34478],[-75.577487,6.344633],[-75.57756,6.34449],[-75.577499,6.344305],[-75.577495,6.344089],[-75.577535,6.344054],[-75.577587,6.343762],[-75.57759,6.343784],[-75.577635,6.343651],[-75.577714,6.343577],[-75.577755,6.343574],[-75.577637,6.343353],[-75.577643,6.343211],[-75.577707,6.342999],[-75.57768,6.342894],[-75.577774,6.342772],[-75.577741,6.342636],[-75.577678,6.342558],[-75.577267,6.342478],[-75.577134,6.34248],[-75.576893,6.3424],[-75.576769,6.342211],[-75.576741,6.342134],[-75.576766,6.342086],[-75.57666,6.342033],[-75.576572,6.342005],[-75.576311,6.342073],[-75.576222,6.342033],[-75.576147,6.341918],[-75.575982,6.341829],[-75.575798,6.34155],[-75.575416,6.341253],[-75.575441,6.34115],[-75.575551,6.341004],[-75.575458,6.34086],[-75.575669,6.340814],[-75.575834,6.340827],[-75.575895,6.340679],[-75.575953,6.340329],[-75.575517,6.340133],[-75.575316,6.339964],[-75.57508,6.33998],[-75.574932,6.339939],[-75.574868,6.339848],[-75.574847,6.339726],[-75.574871,6.339513],[-75.574943,6.339421],[-75.575061,6.339383],[-75.575165,6.339401],[-75.575222,6.339362],[-75.575569,6.339297],[-75.575483,6.339273],[-75.574883,6.339279],[-75.574697,6.339221],[-75.574521,6.339112],[-75.574468,6.339158],[-75.574327,6.338997],[-75.574369,6.338961],[-75.574236,6.338794],[-75.574064,6.33867],[-75.573846,6.338594],[-75.573604,6.338677],[-75.573509,6.338668],[-75.573166,6.338529],[-75.572925,6.338556],[-75.57254,6.338376],[-75.572462,6.338299],[-75.5723,6.33838],[-75.572118,6.338395],[-75.571999,6.338334],[-75.571863,6.338207],[-75.571803,6.338072],[-75.57137,6.338354],[-75.571299,6.338321],[-75.571254,6.338428],[-75.571186,6.338448],[-75.571179,6.338496],[-75.571232,6.338524],[-75.571203,6.338776],[-75.571143,6.338874],[-75.571059,6.338847],[-75.571039,6.338875],[-75.570974,6.33884],[-75.570934,6.338857],[-75.570903,6.33922],[-75.570773,6.339399],[-75.570681,6.339426],[-75.570354,6.339317],[-75.570157,6.339188],[-75.569966,6.339266],[-75.569769,6.339176],[-75.569611,6.339216],[-75.569622,6.339352],[-75.569571,6.33949],[-75.569718,6.340386],[-75.569875,6.340705],[-75.569834,6.340882],[-75.569971,6.34096],[-75.569994,6.341061],[-75.569774,6.342037],[-75.569696,6.34218],[-75.569716,6.342362],[-75.569691,6.342473],[-75.569387,6.342638],[-75.569339,6.342715],[-75.569361,6.342856],[-75.569315,6.342934],[-75.569128,6.342952],[-75.568902,6.343036],[-75.568407,6.343476],[-75.568202,6.343605],[-75.568316,6.343767],[-75.568338,6.343946],[-75.568306,6.344054],[-75.568329,6.34412],[-75.568412,6.344264],[-75.568602,6.344468],[-75.568768,6.344737],[-75.568791,6.344866],[-75.568741,6.345013],[-75.568725,6.345257],[-75.568829,6.345547],[-75.568807,6.345709],[-75.568526,6.34652],[-75.568221,6.346477],[-75.568127,6.346367],[-75.568096,6.34609],[-75.567611,6.346281],[-75.567495,6.346362],[-75.567473,6.346461],[-75.567612,6.346441],[-75.56772,6.34654],[-75.56779,6.346629],[-75.567839,6.346967],[-75.568028,6.346967],[-75.568067,6.347096],[-75.568077,6.347492],[-75.567879,6.347502],[-75.567874,6.348158],[-75.56795,6.349891],[-75.568747,6.349978],[-75.569136,6.350112],[-75.569231,6.350264],[-75.56913,6.350309],[-75.569148,6.350388],[-75.569064,6.350408],[-75.56904,6.350771],[-75.569002,6.350785],[-75.568936,6.351245],[-75.568879,6.351287],[-75.569216,6.351533],[-75.569461,6.352009],[-75.569613,6.353442],[-75.5696,6.353786],[-75.569462,6.353877],[-75.569529,6.354251],[-75.569687,6.35422],[-75.569745,6.354361],[-75.569723,6.354528],[-75.569602,6.354651],[-75.569591,6.35501],[-75.56899,6.356985]],[[-75.570452,6.346729],[-75.570447,6.34701],[-75.570531,6.347224],[-75.570475,6.347354],[-75.570402,6.347376],[-75.570438,6.347694],[-75.570289,6.34771],[-75.570345,6.348207],[-75.570409,6.348483],[-75.569998,6.34866],[-75.569793,6.348684],[-75.569424,6.348852],[-75.569344,6.348751],[-75.569349,6.348709],[-75.569306,6.34869],[-75.569301,6.348468],[-75.569191,6.348292],[-75.569081,6.347934],[-75.569138,6.347928],[-75.569156,6.347808],[-75.569108,6.347521],[-75.56914,6.347517],[-75.569105,6.347198],[-75.569036,6.347205],[-75.569001,6.346887],[-75.568903,6.346898],[-75.56886,6.346339],[-75.569012,6.346323],[-75.568982,6.34603],[-75.569151,6.346012],[-75.569118,6.345719],[-75.569505,6.345682],[-75.569485,6.345464],[-75.570744,6.345314],[-75.57083,6.345319],[-75.570932,6.345421],[-75.571151,6.345411],[-75.571154,6.345437],[-75.571055,6.345474],[-75.571133,6.345626],[-75.57116,6.345788],[-75.571138,6.345913],[-75.570939,6.346053],[-75.570924,6.346211],[-75.570568,6.346362],[-75.570472,6.346527],[-75.570479,6.346691],[-75.570452,6.346729]]]},"properties":{"Nombre":"Zona en desarrollo","CodigoPOT":"Sin codigo","codigoDANE":"Sin codigo","CodigoCatastro":"999","CodCOMUNA":"05","Extension":2.05,"Poblacion":0,"EstratoPredom":"Sin estratificar."}},{"type":"Feature","geometry":{"type":"Polygon","coordinates":[[[-75.51657,6.35346],[-75.516568,6.353563],[-75.516741,6.353955],[-75.516761,6.354099],[-75.516724,6.354236],[-75.516554,6.354437],[-75.516427,6.354797],[-75.51631,6.354954],[-75.516328,6.355214],[-75.51628,6.355288],[-75.516359,6.355204],[-75.516633,6.354598],[-75.516977,6.354314],[-75.517004,6.35422],[-75.51717,6.354024],[-75.517323,6.353923],[-75.517435,6.353801],[-75.51803,6.353447],[-75.518091,6.353456],[-75.518827,6.353206],[-75.519772,6.352776],[-75.519989,6.352588],[-75.520026,6.352395],[-75.520168,6.352155],[-75.520422,6.352039],[-75.520567,6.35185],[-75.520773,6.351949],[-75.520843,6.352133],[-75.521003,6.352321],[-75.521025,6.352496],[-75.521056,6.352528],[-75.521096,6.352528],[-75.521147,6.352431],[-75.521185,6.352208],[-75.521282,6.352231],[-75.521447,6.352201],[-75.521653,6.352438],[-75.521854,6.352322],[-75.522088,6.352375],[-75.522401,6.352227],[-75.522187,6.352204],[-75.522017,6.352115],[-75.521561,6.351569],[-75.521147,6.351446],[-75.52133,6.351327],[-75.521669,6.351208],[-75.52144,6.350755],[-75.521374,6.350691],[-75.521161,6.350608],[-75.520987,6.350391],[-75.520988,6.350111],[-75.521034,6.349956],[-75.521105,6.349849],[-75.521085,6.349693],[-75.520785,6.349112],[-75.520715,6.348834],[-75.520384,6.348502],[-75.519655,6.348224],[-75.519437,6.34817],[-75.518572,6.348812],[-75.518081,6.349033],[-75.517669,6.349128],[-75.517574,6.349334],[-75.517579,6.349464],[-75.517777,6.350112],[-75.517817,6.350594],[-75.517893,6.350781],[-75.517927,6.351231],[-75.517909,6.35131],[-75.517521,6.352032],[-75.517267,6.352181],[-75.516749,6.352584],[-75.516522,6.353098],[-75.516588,6.353299],[-75.51657,6.35346]]]},"properties":{"Nombre":"Areas Sin Desarrollar","CodigoPOT":"Sin codigo","codigoDANE":"Sin codigo","CodigoCatastro":"Sin codigo","CodCOMUNA":"08","Extension":0.205,"Poblacion":0,"EstratoPredom":"No aplica."}},{"type":"Feature","geometry":{"type":"Polygon","coordinates":[[[-75.568756,6.357145],[-75.568856,6.357357],[-75.569591,6.35501],[-75.569602,6.354651],[-75.569723,6.354528],[-75.569745,6.354361],[-75.569687,6.35422],[-75.569529,6.354251],[-75.569462,6.353877],[-75.5696,6.353786],[-75.569613,6.353442],[-75.569461,6.352009],[-75.569216,6.351533],[-75.569123,6.351458],[-75.568879,6.351287],[-75.568801,6.351267],[-75.568501,6.351313],[-75.568271,6.351057],[-75.56817,6.351025],[-75.567707,6.351187],[-75.567941,6.351565],[-75.568187,6.351673],[-75.568257,6.351941],[-75.568213,6.352026],[-75.568377,6.352305],[-75.568353,6.352446],[-75.568522,6.352765],[-75.568655,6.353143],[-75.568644,6.353315],[-75.568484,6.353479],[-75.568395,6.353749],[-75.568402,6.354026],[-75.568488,6.354345],[-75.568422,6.354533],[-75.568447,6.354679],[-75.568282,6.355129],[-75.568322,6.355511],[-75.56822,6.355725],[-75.568208,6.356101],[-75.568297,6.356329],[-75.568341,6.356653],[-75.568402,6.356777],[-75.568447,6.3568],[-75.568534,6.357053],[-75.568756,6.357145]]]},"properties":{"Nombre":"B. Sn Martín","CodigoPOT":"06-04(68)","codigoDANE":"0604","CodigoCatastro":"068","CodCOMUNA":"06","Extension":0.053,"Poblacion":3789,"EstratoPredom":"Uno."}},{"type":"Feature","geometry":{"type":"Polygon","coordinates":[[[-75.565382,6.35068],[-75.565762,6.351707],[-75.566405,6.35263],[-75.566347,6.352827],[-75.566369,6.353087],[-75.566654,6.353413],[-75.566698,6.35358],[-75.566803,6.353552],[-75.566964,6.354149],[-75.567158,6.354121],[-75.567235,6.354209],[-75.567283,6.354412],[-75.567467,6.354319],[-75.567547,6.354401],[-75.568112,6.354111],[-75.568402,6.354026],[-75.568409,6.353696],[-75.568484,6.353479],[-75.568644,6.353315],[-75.568655,6.353143],[-75.568522,6.352765],[-75.568353,6.352446],[-75.568377,6.352305],[-75.568213,6.352026],[-75.568257,6.351941],[-75.568187,6.351673],[-75.567941,6.351565],[-75.567707,6.351187],[-75.567482,6.35103],[-75.567325,6.350855],[-75.56691,6.350217],[-75.565382,6.35068]]]},"properties":{"Nombre":"B. Villas del Sol","CodigoPOT":"06-05(69)","codigoDANE":"0605","CodigoCatastro":"069","CodCOMUNA":"06","Extension":0.105,"Poblacion":5455,"EstratoPredom":"Dos."}},{"type":"Feature","geometry":{"type":"Polygon","coordinates":[[[-75.522849,6.350022],[-75.522823,6.350046],[-75.52234,6.349316],[-75.522328,6.349112],[-75.521939,6.348158],[-75.522365,6.347907],[-75.522567,6.347832],[-75.522443,6.347591],[-75.52235,6.347528],[-75.522254,6.347396],[-75.522159,6.347186],[-75.521914,6.346867],[-75.521788,6.346782],[-75.521546,6.346478],[-75.520522,6.347265],[-75.519437,6.34817],[-75.519655,6.348224],[-75.520384,6.348502],[-75.520715,6.348834],[-75.520785,6.349112],[-75.521085,6.349693],[-75.521105,6.349849],[-75.521034,6.349956],[-75.520988,6.350111],[-75.520987,6.350391],[-75.521161,6.350608],[-75.521374,6.350691],[-75.52144,6.350755],[-75.521669,6.351208],[-75.52133,6.351327],[-75.521147,6.351446],[-75.521561,6.351569],[-75.522017,6.352115],[-75.522187,6.352204],[-75.522524,6.352237],[-75.52276,6.352332],[-75.523027,6.3528],[-75.523297,6.353026],[-75.523382,6.353156],[-75.523306,6.353635],[-75.523419,6.353941],[-75.523607,6.354058],[-75.523755,6.353958],[-75.523924,6.354001],[-75.523985,6.353953],[-75.523884,6.353871],[-75.523933,6.353795],[-75.524574,6.353243],[-75.524577,6.353208],[-75.524349,6.352633],[-75.524075,6.352079],[-75.523551,6.351262],[-75.522849,6.350022]]]},"properties":{"Nombre":"Jardines de la Fé","CodigoPOT":"Sin codigo","codigoDANE":"Sin codigo","CodigoCatastro":"098","CodCOMUNA":"08","Extension":0.09,"Poblacion":0,"EstratoPredom":"No aplica."}},{"type":"Feature","geometry":{"type":"Polygon","coordinates":[[[-75.562094,6.353712],[-75.562748,6.35398],[-75.563394,6.352394],[-75.562583,6.352033],[-75.561068,6.351443],[-75.561137,6.351172],[-75.561085,6.351094],[-75.56112,6.350977],[-75.561158,6.350972],[-75.561171,6.35089],[-75.561375,6.350906],[-75.561385,6.350707],[-75.561338,6.350738],[-75.561211,6.350513],[-75.56136,6.350476],[-75.561289,6.350363],[-75.560488,6.350293],[-75.560359,6.350544],[-75.559916,6.350339],[-75.55894,6.352459],[-75.559383,6.352662],[-75.559299,6.352843],[-75.559439,6.352907],[-75.559559,6.352647],[-75.559588,6.35266],[-75.559655,6.352513],[-75.560489,6.352861],[-75.560431,6.353032],[-75.562094,6.353712]]]},"properties":{"Nombre":"Urb. Araucarias.","CodigoPOT":"Sin codigo","codigoDANE":"Sin Codigo","CodigoCatastro":"Sin codigo","CodCOMUNA":"06","Extension":0.098,"Poblacion":0,"EstratoPredom":"Por definir."}},{"type":"Feature","geometry":{"type":"Polygon","coordinates":[[[-75.531052,6.346139],[-75.530918,6.345615],[-75.530737,6.345668],[-75.53056,6.345011],[-75.530416,6.344254],[-75.529938,6.344388],[-75.528666,6.344624],[-75.525566,6.345068],[-75.525296,6.345129],[-75.525269,6.345198],[-75.525167,6.345246],[-75.524903,6.345272],[-75.525049,6.345678],[-75.525069,6.345831],[-75.525195,6.346124],[-75.525023,6.346233],[-75.52524,6.34676],[-75.524879,6.346894],[-75.525045,6.347558],[-75.525134,6.347786],[-75.524883,6.347976],[-75.525009,6.348376],[-75.525053,6.348392],[-75.52535,6.348156],[-75.525638,6.348036],[-75.52582,6.348059],[-75.525908,6.348154],[-75.525942,6.34827],[-75.525908,6.348515],[-75.525865,6.348611],[-75.525885,6.349066],[-75.525982,6.348762],[-75.526196,6.348771],[-75.526243,6.348724],[-75.526361,6.348424],[-75.526391,6.34825],[-75.526351,6.34818],[-75.526363,6.348069],[-75.526431,6.3479],[-75.526516,6.347894],[-75.526667,6.348166],[-75.526719,6.348196],[-75.526839,6.34838],[-75.526851,6.348442],[-75.527178,6.348665],[-75.527226,6.348727],[-75.527261,6.348562],[-75.527438,6.348503],[-75.527879,6.348553],[-75.528092,6.348691],[-75.528093,6.348909],[-75.528148,6.348883],[-75.528525,6.348915],[-75.529146,6.349296],[-75.529322,6.349249],[-75.529443,6.349279],[-75.529463,6.349357],[-75.529407,6.349656],[-75.529523,6.349933],[-75.529563,6.349958],[-75.529598,6.349681],[-75.529819,6.349502],[-75.529961,6.349331],[-75.529976,6.349145],[-75.530172,6.349097],[-75.530201,6.349208],[-75.530385,6.349383],[-75.530365,6.349204],[-75.530443,6.349019],[-75.530879,6.348894],[-75.531008,6.348894],[-75.531185,6.348959],[-75.531422,6.348883],[-75.531599,6.348897],[-75.531761,6.348978],[-75.531865,6.349106],[-75.532169,6.348976],[-75.532339,6.348947],[-75.532683,6.34933],[-75.532789,6.349496],[-75.533039,6.350375],[-75.533192,6.350357],[-75.53325,6.350401],[-75.533261,6.350607],[-75.533146,6.350846],[-75.532906,6.350997],[-75.533182,6.351008],[-75.533402,6.350724],[-75.533459,6.350393],[-75.533573,6.350329],[-75.533623,6.350343],[-75.533735,6.350541],[-75.533801,6.350781],[-75.533936,6.350787],[-75.534182,6.350871],[-75.534633,6.351251],[-75.535019,6.351708],[-75.535229,6.351837],[-75.535297,6.352108],[-75.535497,6.352346],[-75.535642,6.352431],[-75.535782,6.352659],[-75.538921,6.352659],[-75.53883,6.352323],[-75.538641,6.35212],[-75.538611,6.352023],[-75.538643,6.351962],[-75.538808,6.351831],[-75.538947,6.351522],[-75.538759,6.351047],[-75.538743,6.350714],[-75.538595,6.35027],[-75.538847,6.350187],[-75.539121,6.350338],[-75.53956,6.350156],[-75.539764,6.349899],[-75.539868,6.349309],[-75.539926,6.349211],[-75.539906,6.34913],[-75.540032,6.349017],[-75.540071,6.349018],[-75.540152,6.349109],[-75.540289,6.349136],[-75.540275,6.349257],[-75.540405,6.349333],[-75.540443,6.349389],[-75.540454,6.349511],[-75.540566,6.34975],[-75.540999,6.349997],[-75.541093,6.350121],[-75.541206,6.35042],[-75.541368,6.3501],[-75.541699,6.349836],[-75.541761,6.349861],[-75.541742,6.349977],[-75.541775,6.350169],[-75.541925,6.35052],[-75.542261,6.350477],[-75.542463,6.350578],[-75.542606,6.350717],[-75.542556,6.350562],[-75.54244,6.350427],[-75.54239,6.350237],[-75.542569,6.349964],[-75.542637,6.349946],[-75.542704,6.350023],[-75.542701,6.349957],[-75.542749,6.349899],[-75.542666,6.349614],[-75.542595,6.349585],[-75.542579,6.349498],[-75.542616,6.349343],[-75.542674,6.349276],[-75.542659,6.349147],[-75.54269,6.348979],[-75.542796,6.348794],[-75.542985,6.348806],[-75.54317,6.348884],[-75.543396,6.349085],[-75.543582,6.349019],[-75.543792,6.349166],[-75.543716,6.348856],[-75.543527,6.348489],[-75.543496,6.348254],[-75.54338,6.348054],[-75.543379,6.347797],[-75.543294,6.347648],[-75.543175,6.347251],[-75.543087,6.346576],[-75.542826,6.346649],[-75.542625,6.346634],[-75.542602,6.346586],[-75.542731,6.346545],[-75.542634,6.346321],[-75.542575,6.346368],[-75.542443,6.346365],[-75.542356,6.346408],[-75.542135,6.346407],[-75.541769,6.346315],[-75.541734,6.34643],[-75.541816,6.346743],[-75.541767,6.346864],[-75.541224,6.346915],[-75.539618,6.347237],[-75.539612,6.346993],[-75.539523,6.346765],[-75.539274,6.346489],[-75.539293,6.346473],[-75.538969,6.346079],[-75.538952,6.346093],[-75.538919,6.345994],[-75.538951,6.345876],[-75.539155,6.345647],[-75.539264,6.345486],[-75.539215,6.345469],[-75.5394,6.345257],[-75.539528,6.345051],[-75.539576,6.344871],[-75.539571,6.344416],[-75.539498,6.343765],[-75.539436,6.343616],[-75.538866,6.342879],[-75.538276,6.341969],[-75.537168,6.340081],[-75.536194,6.340801],[-75.534914,6.341644],[-75.533256,6.34268],[-75.532794,6.343029],[-75.531809,6.343612],[-75.530547,6.344212],[-75.530641,6.344314],[-75.530743,6.34437],[-75.530988,6.344404],[-75.53115,6.344478],[-75.531298,6.344476],[-75.531355,6.344495],[-75.531549,6.344674],[-75.53168,6.344652],[-75.531742,6.344795],[-75.531734,6.34504],[-75.531836,6.345122],[-75.531963,6.345131],[-75.532078,6.345088],[-75.532306,6.344824],[-75.532403,6.344769],[-75.532488,6.34492],[-75.532501,6.345068],[-75.532459,6.345194],[-75.532493,6.34528],[-75.532904,6.345607],[-75.532981,6.345737],[-75.532981,6.345862],[-75.532809,6.345929],[-75.532825,6.346111],[-75.532891,6.346219],[-75.533061,6.346261],[-75.533179,6.346388],[-75.533312,6.346655],[-75.533309,6.346864],[-75.533353,6.347033],[-75.533511,6.347246],[-75.533648,6.347504],[-75.53348,6.347622],[-75.533214,6.348527],[-75.533002,6.348933],[-75.532018,6.348435],[-75.531787,6.348267],[-75.531651,6.34826],[-75.531481,6.347798],[-75.530335,6.348095],[-75.529922,6.346584],[-75.53088,6.346317],[-75.53098,6.346251],[-75.531052,6.346139]]]},"properties":{"Nombre":"Areas en desarrollo","CodigoPOT":"Sin codigo","codigoDANE":"Sin codigo","CodigoCatastro":"Sin codigo","CodCOMUNA":"08","Extension":1.28,"Poblacion":0,"EstratoPredom":"Sin definir."}},{"type":"Feature","geometry":{"type":"Polygon","coordinates":[[[-75.550869,6.350168],[-75.550928,6.350244],[-75.551073,6.350922],[-75.551134,6.350983],[-75.551151,6.351054],[-75.551248,6.350982],[-75.551381,6.350944],[-75.551415,6.350828],[-75.551819,6.350731],[-75.552031,6.35064],[-75.552352,6.35016],[-75.552484,6.350044],[-75.552503,6.350202],[-75.552596,6.350201],[-75.552608,6.350098],[-75.55273,6.350139],[-75.552875,6.350308],[-75.55292,6.350448],[-75.553057,6.350512],[-75.553031,6.350794],[-75.552882,6.350988],[-75.552807,6.35115],[-75.552806,6.351315],[-75.552841,6.35142],[-75.552793,6.351588],[-75.552782,6.351881],[-75.552705,6.351982],[-75.552576,6.352071],[-75.552465,6.352256],[-75.55249,6.35243],[-75.552479,6.352286],[-75.552591,6.352137],[-75.553073,6.351937],[-75.55309,6.351895],[-75.552937,6.351713],[-75.552925,6.351629],[-75.553186,6.351451],[-75.553336,6.351236],[-75.553327,6.351197],[-75.553204,6.3511],[-75.553222,6.351008],[-75.553263,6.35097],[-75.553365,6.350922],[-75.553655,6.351229],[-75.553765,6.351137],[-75.55369,6.350981],[-75.553562,6.350829],[-75.553557,6.350786],[-75.553642,6.350661],[-75.553707,6.350666],[-75.553869,6.35081],[-75.553957,6.35097],[-75.554206,6.350894],[-75.554246,6.350704],[-75.554186,6.350582],[-75.554204,6.350487],[-75.55427,6.350431],[-75.554465,6.350379],[-75.554035,6.350166],[-75.553841,6.35002],[-75.554033,6.349654],[-75.554101,6.349615],[-75.554201,6.349433],[-75.554195,6.349382],[-75.554327,6.349334],[-75.554316,6.349031],[-75.55453,6.348942],[-75.554767,6.3487],[-75.554824,6.348679],[-75.555102,6.3487],[-75.55525,6.348637],[-75.555442,6.348376],[-75.555488,6.348113],[-75.555708,6.348157],[-75.555872,6.348114],[-75.555936,6.347934],[-75.556152,6.347823],[-75.5564,6.347603],[-75.55648,6.347391],[-75.556546,6.347405],[-75.556636,6.347354],[-75.556656,6.347388],[-75.556712,6.347361],[-75.556724,6.34732],[-75.556907,6.347353],[-75.557024,6.34743],[-75.557176,6.34772],[-75.557233,6.347531],[-75.55732,6.347409],[-75.557619,6.347068],[-75.557769,6.346947],[-75.557799,6.346891],[-75.557791,6.346785],[-75.55801,6.346365],[-75.558028,6.346278],[-75.558114,6.346248],[-75.55827,6.345962],[-75.558369,6.345859],[-75.558071,6.34546],[-75.5579,6.345318],[-75.55537,6.344618],[-75.554766,6.346517],[-75.553481,6.346208],[-75.55365,6.345575],[-75.552579,6.345297],[-75.552457,6.345123],[-75.552567,6.344652],[-75.552299,6.344601],[-75.552497,6.343824],[-75.551786,6.343626],[-75.551593,6.344283],[-75.551544,6.344533],[-75.55153,6.34484],[-75.550024,6.344429],[-75.550081,6.343942],[-75.549347,6.343891],[-75.548974,6.34391],[-75.546721,6.344471],[-75.546588,6.344476],[-75.546456,6.344429],[-75.546182,6.344292],[-75.546077,6.344181],[-75.545952,6.344271],[-75.545683,6.344706],[-75.545674,6.34479],[-75.54578,6.344906],[-75.545728,6.345038],[-75.545734,6.345171],[-75.545893,6.345539],[-75.545907,6.345753],[-75.546004,6.345878],[-75.546207,6.34604],[-75.546378,6.346282],[-75.546523,6.346354],[-75.546609,6.346558],[-75.546778,6.346711],[-75.546972,6.347071],[-75.546322,6.347602],[-75.546404,6.347968],[-75.546524,6.347949],[-75.546549,6.347974],[-75.546565,6.34816],[-75.546466,6.348457],[-75.546362,6.348603],[-75.546292,6.348646],[-75.546188,6.348485],[-75.545978,6.348592],[-75.545007,6.348686],[-75.544852,6.348606],[-75.544395,6.348185],[-75.544332,6.348182],[-75.544191,6.348254],[-75.544118,6.348371],[-75.543813,6.348317],[-75.543631,6.348173],[-75.543444,6.347838],[-75.543379,6.347797],[-75.54338,6.348054],[-75.543496,6.348254],[-75.543527,6.348489],[-75.543716,6.348856],[-75.543792,6.349166],[-75.54409,6.348632],[-75.544137,6.348377],[-75.544313,6.348213],[-75.544382,6.348209],[-75.544913,6.348744],[-75.545365,6.348813],[-75.54548,6.348792],[-75.545648,6.34891],[-75.546006,6.349036],[-75.546052,6.34916],[-75.546057,6.349359],[-75.546246,6.349326],[-75.546264,6.349436],[-75.546371,6.349564],[-75.546533,6.349543],[-75.546543,6.349619],[-75.5466,6.349642],[-75.546678,6.349544],[-75.546718,6.349412],[-75.546967,6.349343],[-75.546953,6.349303],[-75.546987,6.349291],[-75.547291,6.349429],[-75.547334,6.349608],[-75.547438,6.349562],[-75.547692,6.349777],[-75.54786,6.349888],[-75.547912,6.349892],[-75.547888,6.35002],[-75.547818,6.350091],[-75.547778,6.350225],[-75.547851,6.350501],[-75.547958,6.350688],[-75.547966,6.350796],[-75.548116,6.35092],[-75.548208,6.351093],[-75.548313,6.351101],[-75.548329,6.351134],[-75.548338,6.351319],[-75.548259,6.351462],[-75.548412,6.351318],[-75.548429,6.351159],[-75.548644,6.351178],[-75.548395,6.350722],[-75.548356,6.350228],[-75.548384,6.350056],[-75.54827,6.349834],[-75.548403,6.349834],[-75.548437,6.34965],[-75.548533,6.34949],[-75.548939,6.349617],[-75.54897,6.349598],[-75.548977,6.349273],[-75.548892,6.349109],[-75.549088,6.349085],[-75.549214,6.348957],[-75.549305,6.348934],[-75.549424,6.348837],[-75.549501,6.348816],[-75.549547,6.348845],[-75.549938,6.349383],[-75.54998,6.34936],[-75.549979,6.349245],[-75.550072,6.349068],[-75.550262,6.348931],[-75.55036,6.348955],[-75.550405,6.349078],[-75.55049,6.349078],[-75.550571,6.349412],[-75.550621,6.349433],[-75.550923,6.349364],[-75.550986,6.349371],[-75.551082,6.349446],[-75.551088,6.349663],[-75.551043,6.349886],[-75.550869,6.350168]]]},"properties":{"Nombre":"B. Altos de Niquía","CodigoPOT":"07-03(61)","codigoDANE":"0703","CodigoCatastro":"061","CodCOMUNA":"07","Extension":0.769,"Poblacion":29862,"EstratoPredom":"Uno y dos."}},{"type":"Feature","geometry":{"type":"Polygon","coordinates":[[[-75.561347,6.351557],[-75.561477,6.351374],[-75.56184,6.351456],[-75.562259,6.35161],[-75.56245,6.351262],[-75.562482,6.351085],[-75.562646,6.351131],[-75.562909,6.351282],[-75.563243,6.351282],[-75.563335,6.351039],[-75.563938,6.350829],[-75.563794,6.350671],[-75.562895,6.35096],[-75.562836,6.350947],[-75.562804,6.350901],[-75.562823,6.350442],[-75.561501,6.350403],[-75.561504,6.350451],[-75.561211,6.350513],[-75.561338,6.350738],[-75.561385,6.350707],[-75.561375,6.350906],[-75.561171,6.35089],[-75.561158,6.350972],[-75.56112,6.350977],[-75.561085,6.351094],[-75.561137,6.351172],[-75.561068,6.351443],[-75.561347,6.351557]]]},"properties":{"Nombre":"B. Los Alpes","CodigoPOT":"0607(70)","codigoDANE":"0607","CodigoCatastro":"070","CodCOMUNA":"06","Extension":0.033,"Poblacion":2494,"EstratoPredom":"Dos."}},{"type":"Feature","geometry":{"type":"Polygon","coordinates":[[[-75.568501,6.351313],[-75.568755,6.35127],[-75.568879,6.351287],[-75.568936,6.351245],[-75.569002,6.350785],[-75.56904,6.350771],[-75.569064,6.350408],[-75.569148,6.350388],[-75.5691,6.350282],[-75.568712,6.350183],[-75.567739,6.350161],[-75.567664,6.34988],[-75.567634,6.349558],[-75.566969,6.349605],[-75.566577,6.349722],[-75.566552,6.349771],[-75.56691,6.350217],[-75.567325,6.350855],[-75.567482,6.35103],[-75.567707,6.351187],[-75.56817,6.351025],[-75.568271,6.351057],[-75.568501,6.351313]]]},"properties":{"Nombre":"B. Sn Gabriel","CodigoPOT":"06-03(67)","codigoDANE":"0603","CodigoCatastro":"067","CodCOMUNA":"06","Extension":0.028,"Poblacion":1789,"EstratoPredom":"Uno."}},{"type":"Feature","geometry":{"type":"Polygon","coordinates":[[[-75.557631,6.351268],[-75.557749,6.351248],[-75.558293,6.349215],[-75.558617,6.349051],[-75.558834,6.349032],[-75.559004,6.348946],[-75.559267,6.349012],[-75.559371,6.348736],[-75.559567,6.348747],[-75.559644,6.348806],[-75.559758,6.348816],[-75.559909,6.348695],[-75.560127,6.348632],[-75.560192,6.348567],[-75.560228,6.34833],[-75.560456,6.34807],[-75.560533,6.347868],[-75.560585,6.34736],[-75.560528,6.346902],[-75.560687,6.346494],[-75.560744,6.346049],[-75.561039,6.345051],[-75.560776,6.344969],[-75.559565,6.344402],[-75.558658,6.344049],[-75.558548,6.344219],[-75.558487,6.34451],[-75.558364,6.344642],[-75.558317,6.344745],[-75.558312,6.344967],[-75.55844,6.345384],[-75.55841,6.345578],[-75.558452,6.345756],[-75.55827,6.345962],[-75.558114,6.346248],[-75.558028,6.346278],[-75.55801,6.346365],[-75.557791,6.346785],[-75.557799,6.346891],[-75.557769,6.346947],[-75.557619,6.347068],[-75.55732,6.347409],[-75.557233,6.347531],[-75.557146,6.347751],[-75.556953,6.347627],[-75.556892,6.34765],[-75.556844,6.3478],[-75.55694,6.348029],[-75.556745,6.348333],[-75.556672,6.348364],[-75.556596,6.348328],[-75.556489,6.348101],[-75.55645,6.34808],[-75.556369,6.348103],[-75.556399,6.348244],[-75.556343,6.348369],[-75.556324,6.348619],[-75.556257,6.348629],[-75.556176,6.34854],[-75.556046,6.34849],[-75.555906,6.34875],[-75.555937,6.348931],[-75.555742,6.348914],[-75.555607,6.349006],[-75.555442,6.349013],[-75.555347,6.349089],[-75.555432,6.349231],[-75.555426,6.349446],[-75.5553,6.349679],[-75.555259,6.349966],[-75.555329,6.350174],[-75.555533,6.350385],[-75.555995,6.350778],[-75.556183,6.350818],[-75.556313,6.350893],[-75.556444,6.350881],[-75.556614,6.350953],[-75.557342,6.351051],[-75.557493,6.351242],[-75.557631,6.351268]]]},"properties":{"Nombre":"B. El Mirador","CodigoPOT":"07-01(63)","codigoDANE":"0701","CodigoCatastro":"063","CodCOMUNA":"07","Extension":0.229,"Poblacion":12372,"EstratoPredom":"Dos."}},{"type":"Feature","geometry":{"type":"Polygon","coordinates":[[[-75.562804,6.350901],[-75.562836,6.350947],[-75.562895,6.35096],[-75.563794,6.350671],[-75.563938,6.350829],[-75.564226,6.350763],[-75.564362,6.35055],[-75.564248,6.350343],[-75.56426,6.350254],[-75.564462,6.350103],[-75.564733,6.349982],[-75.564839,6.34982],[-75.564799,6.349704],[-75.564664,6.349577],[-75.564889,6.349122],[-75.564874,6.348984],[-75.564738,6.348741],[-75.564729,6.348666],[-75.564745,6.348578],[-75.564837,6.348453],[-75.564843,6.348342],[-75.564819,6.348213],[-75.564685,6.347984],[-75.564562,6.347896],[-75.564368,6.347844],[-75.564339,6.347609],[-75.564357,6.347422],[-75.564544,6.347304],[-75.564532,6.347187],[-75.56448,6.3469],[-75.564409,6.346718],[-75.564404,6.346583],[-75.564354,6.346473],[-75.564315,6.34617],[-75.564179,6.345966],[-75.564099,6.346056],[-75.563941,6.346408],[-75.563812,6.346578],[-75.563572,6.346718],[-75.563264,6.347081],[-75.563014,6.347117],[-75.562876,6.349359],[-75.561863,6.349321],[-75.561637,6.349969],[-75.561591,6.350199],[-75.561604,6.350264],[-75.561682,6.350363],[-75.561886,6.350415],[-75.562823,6.350442],[-75.562804,6.350901]]]},"properties":{"Nombre":"B. Pachelly","CodigoPOT":"06-06(65)","codigoDANE":"0606","CodigoCatastro":"065","CodCOMUNA":"06","Extension":0.101,"Poblacion":4355,"EstratoPredom":"Dos."}},{"type":"Feature","geometry":{"type":"Polygon","coordinates":[[[-75.565477,6.350644],[-75.56691,6.350217],[-75.566552,6.349771],[-75.566577,6.349722],[-75.566706,6.349664],[-75.566969,6.349605],[-75.567634,6.349558],[-75.567664,6.34988],[-75.567739,6.350161],[-75.568712,6.350183],[-75.568963,6.350229],[-75.56913,6.350309],[-75.569231,6.350264],[-75.569136,6.350112],[-75.568747,6.349978],[-75.56795,6.349891],[-75.567874,6.348158],[-75.567879,6.347502],[-75.568077,6.347492],[-75.568067,6.347096],[-75.568028,6.346967],[-75.567839,6.346967],[-75.56779,6.346629],[-75.567612,6.346441],[-75.567473,6.346461],[-75.567443,6.34657],[-75.567453,6.346957],[-75.566789,6.346818],[-75.566482,6.346699],[-75.566462,6.347006],[-75.566294,6.347542],[-75.566373,6.348206],[-75.566076,6.348276],[-75.565145,6.348603],[-75.56478,6.348824],[-75.564874,6.348984],[-75.564889,6.349122],[-75.564664,6.349577],[-75.56482,6.349737],[-75.564839,6.34982],[-75.564797,6.349911],[-75.564869,6.350098],[-75.564991,6.350303],[-75.565152,6.350459],[-75.56524,6.350629],[-75.565232,6.350737],[-75.565477,6.350644]]]},"properties":{"Nombre":"B. Bellavista","CodigoPOT":"06-02(66)","codigoDANE":"0602","CodigoCatastro":"066","CodCOMUNA":"06","Extension":0.1,"Poblacion":4210,"EstratoPredom":"Dos y Tres."}},{"type":"Feature","geometry":{"type":"Polygon","coordinates":[[[-75.560519,6.348643],[-75.560357,6.349059],[-75.560145,6.349041],[-75.559942,6.349179],[-75.559706,6.349524],[-75.559678,6.349708],[-75.559595,6.349903],[-75.559392,6.350112],[-75.559698,6.350218],[-75.55997,6.350212],[-75.560448,6.350372],[-75.560488,6.350293],[-75.561289,6.350363],[-75.56136,6.350476],[-75.561504,6.350451],[-75.561501,6.350403],[-75.561869,6.350413],[-75.561682,6.350363],[-75.561604,6.350264],[-75.561591,6.350199],[-75.561637,6.349969],[-75.561863,6.349321],[-75.56098,6.349188],[-75.560975,6.349136],[-75.561584,6.348099],[-75.560875,6.347869],[-75.56089,6.347737],[-75.560841,6.347736],[-75.560799,6.347974],[-75.560628,6.348423],[-75.560615,6.348617],[-75.560519,6.348643]]]},"properties":{"Nombre":"B. Los Alpes","CodigoPOT":"0607(70)","codigoDANE":"0607","CodigoCatastro":"070","CodCOMUNA":"06","Extension":0.033,"Poblacion":2494,"EstratoPredom":"Dos."}},{"type":"Feature","geometry":{"type":"Polygon","coordinates":[[[-75.522909,6.349968],[-75.523016,6.349865],[-75.523104,6.349879],[-75.523143,6.349842],[-75.523456,6.349764],[-75.523807,6.349856],[-75.523875,6.349593],[-75.524169,6.349226],[-75.524246,6.3493],[-75.524338,6.349321],[-75.524389,6.34916],[-75.52455,6.348965],[-75.524895,6.348779],[-75.52504,6.348831],[-75.525033,6.348665],[-75.524963,6.348462],[-75.524971,6.348405],[-75.525009,6.348376],[-75.524883,6.347976],[-75.525134,6.347786],[-75.525045,6.347558],[-75.524879,6.346894],[-75.52524,6.34676],[-75.525023,6.346233],[-75.525195,6.346124],[-75.525069,6.345831],[-75.525049,6.345678],[-75.524903,6.345272],[-75.525167,6.345246],[-75.525269,6.345198],[-75.525296,6.345129],[-75.524283,6.345279],[-75.523705,6.345452],[-75.523313,6.345603],[-75.52215,6.346144],[-75.521546,6.346478],[-75.521788,6.346782],[-75.521914,6.346867],[-75.522159,6.347186],[-75.522254,6.347396],[-75.52235,6.347528],[-75.522443,6.347591],[-75.522567,6.347832],[-75.522365,6.347907],[-75.521939,6.348158],[-75.522328,6.349112],[-75.52234,6.349316],[-75.522823,6.350046],[-75.522909,6.349968]]]},"properties":{"Nombre":"B. Guasimalito","CodigoPOT":"08-06(42)","codigoDANE":"0806","CodigoCatastro":"042","CodCOMUNA":"08","Extension":0.14,"Poblacion":1599,"EstratoPredom":"Dos."}},{"type":"Feature","geometry":{"type":"Polygon","coordinates":[[[-75.562876,6.349359],[-75.563014,6.347117],[-75.562545,6.346993],[-75.562398,6.347477],[-75.561706,6.347288],[-75.561601,6.347674],[-75.561663,6.347883],[-75.561644,6.347978],[-75.560975,6.349136],[-75.56098,6.349188],[-75.561862,6.349321],[-75.562876,6.349359]]]},"properties":{"Nombre":"B. El Ducado","CodigoPOT":"06-08(64)","codigoDANE":"0608","CodigoCatastro":"064","CodCOMUNA":"06","Extension":0.038,"Poblacion":1873,"EstratoPredom":"Dos."}},{"type":"Feature","geometry":{"type":"Polygon","coordinates":[[[-75.517669,6.349128],[-75.518213,6.348982],[-75.518708,6.348727],[-75.519437,6.34817],[-75.521269,6.346672],[-75.521546,6.346478],[-75.521959,6.346238],[-75.523313,6.345603],[-75.524283,6.345279],[-75.525754,6.345038],[-75.528666,6.344624],[-75.529938,6.344388],[-75.530547,6.344212],[-75.531319,6.343866],[-75.531809,6.343612],[-75.532794,6.343029],[-75.533256,6.34268],[-75.534914,6.341644],[-75.536194,6.340801],[-75.537269,6.34001],[-75.537613,6.339846],[-75.538577,6.339294],[-75.539046,6.339086],[-75.54024,6.338774],[-75.540787,6.338725],[-75.54119,6.33864],[-75.541629,6.338486],[-75.542285,6.338347],[-75.545026,6.337577],[-75.545497,6.337397],[-75.546613,6.337049],[-75.548286,6.336636],[-75.549116,6.336382],[-75.550025,6.33605],[-75.5509,6.335887],[-75.551501,6.335705],[-75.551159,6.335264],[-75.550484,6.334648],[-75.550373,6.334395],[-75.550359,6.334094],[-75.550293,6.333916],[-75.550164,6.333701],[-75.549785,6.332883],[-75.54954,6.332518],[-75.549219,6.332297],[-75.548416,6.332035],[-75.548106,6.332232],[-75.547113,6.33249],[-75.546432,6.332827],[-75.545963,6.332922],[-75.54527,6.333148],[-75.544655,6.33346],[-75.54409,6.333586],[-75.542413,6.334357],[-75.542326,6.334337],[-75.541941,6.334444],[-75.54115,6.334513],[-75.539615,6.33498],[-75.539442,6.335084],[-75.539056,6.335655],[-75.538708,6.335711],[-75.538449,6.335843],[-75.53765,6.335859],[-75.537434,6.335945],[-75.537154,6.336001],[-75.53622,6.336043],[-75.535761,6.336109],[-75.535498,6.336172],[-75.535301,6.336259],[-75.534931,6.336447],[-75.5347,6.336608],[-75.534379,6.336758],[-75.533511,6.336972],[-75.532061,6.337236],[-75.531269,6.3373],[-75.530503,6.337434],[-75.529898,6.337407],[-75.529176,6.337294],[-75.528713,6.337309],[-75.528495,6.337465],[-75.526506,6.338282],[-75.525532,6.338271],[-75.52535,6.338303],[-75.524492,6.338152],[-75.524243,6.338068],[-75.523936,6.338053],[-75.523754,6.338183],[-75.52352,6.338687],[-75.523196,6.339892],[-75.523183,6.34036],[-75.523106,6.340794],[-75.523042,6.341017],[-75.522943,6.341202],[-75.522694,6.341442],[-75.522496,6.341532],[-75.521526,6.341674],[-75.52099,6.341665],[-75.520842,6.34169],[-75.520585,6.341874],[-75.520533,6.341999],[-75.520486,6.342321],[-75.519841,6.344543],[-75.519738,6.344788],[-75.519422,6.345241],[-75.518714,6.345782],[-75.518443,6.345941],[-75.518293,6.345979],[-75.5181,6.345979],[-75.517014,6.345807],[-75.516859,6.345807],[-75.516792,6.346047],[-75.516949,6.346042],[-75.516998,6.346061],[-75.517032,6.346123],[-75.517051,6.346187],[-75.517002,6.346351],[-75.517013,6.346504],[-75.516967,6.346652],[-75.517248,6.34735],[-75.517274,6.347521],[-75.517335,6.347648],[-75.51733,6.347782],[-75.517564,6.348137],[-75.517711,6.34827],[-75.517747,6.348363],[-75.517772,6.348669],[-75.517728,6.349011],[-75.517669,6.349128]]]},"properties":{"Nombre":"Zona Industrial Nº 3","CodigoPOT":"Sin codigo","codigoDANE":"Sin codigo","CodigoCatastro":"040","CodCOMUNA":"08","Extension":2.017,"Poblacion":268,"EstratoPredom":"No aplica."}},{"type":"Feature","geometry":{"type":"Polygon","coordinates":[[[-75.530416,6.344254],[-75.53056,6.345011],[-75.530737,6.345668],[-75.530918,6.345615],[-75.531461,6.347737],[-75.531651,6.34826],[-75.531787,6.348267],[-75.532018,6.348435],[-75.533002,6.348933],[-75.533214,6.348527],[-75.53348,6.347622],[-75.533648,6.347504],[-75.533511,6.347246],[-75.533353,6.347033],[-75.533309,6.346864],[-75.533312,6.346655],[-75.533179,6.346388],[-75.533061,6.346261],[-75.532891,6.346219],[-75.532825,6.346111],[-75.532809,6.345929],[-75.532981,6.345862],[-75.532995,6.345791],[-75.532966,6.34571],[-75.532904,6.345607],[-75.532493,6.34528],[-75.532459,6.345194],[-75.532501,6.345068],[-75.532488,6.34492],[-75.532403,6.344769],[-75.532306,6.344824],[-75.532078,6.345088],[-75.531963,6.345131],[-75.531836,6.345122],[-75.531734,6.34504],[-75.531742,6.344795],[-75.53168,6.344652],[-75.531549,6.344674],[-75.531355,6.344495],[-75.531298,6.344476],[-75.53115,6.344478],[-75.530988,6.344404],[-75.530743,6.34437],[-75.530641,6.344314],[-75.530547,6.344212],[-75.530416,6.344254]]]},"properties":{"Nombre":"B. Navarra","CodigoPOT":"08-05(43)","codigoDANE":"0805","CodigoCatastro":"043","CodCOMUNA":"08","Extension":0.094,"Poblacion":4508,"EstratoPredom":"Tres."}},{"type":"Feature","geometry":{"type":"Polygon","coordinates":[[[-75.56478,6.348824],[-75.565145,6.348603],[-75.566076,6.348276],[-75.566373,6.348206],[-75.566294,6.347542],[-75.566462,6.347006],[-75.566482,6.346699],[-75.566789,6.346818],[-75.567453,6.346957],[-75.567443,6.34657],[-75.567495,6.346362],[-75.567726,6.346223],[-75.568096,6.34609],[-75.568127,6.346367],[-75.568221,6.346477],[-75.568526,6.34652],[-75.568807,6.345709],[-75.568831,6.345566],[-75.568725,6.345257],[-75.568741,6.345013],[-75.568791,6.344836],[-75.568768,6.344737],[-75.568669,6.344568],[-75.568412,6.344264],[-75.568329,6.34412],[-75.568306,6.344054],[-75.568337,6.343913],[-75.5683,6.343722],[-75.568026,6.343402],[-75.567824,6.3433],[-75.567459,6.343324],[-75.567003,6.343149],[-75.566628,6.343057],[-75.566397,6.343207],[-75.566246,6.343262],[-75.565979,6.343518],[-75.565601,6.343794],[-75.565442,6.343996],[-75.565148,6.34423],[-75.565021,6.344285],[-75.564355,6.344337],[-75.563913,6.344318],[-75.564,6.344471],[-75.564443,6.344855],[-75.565388,6.345365],[-75.565292,6.345454],[-75.565122,6.345476],[-75.56493,6.345609],[-75.564546,6.345764],[-75.564406,6.345808],[-75.564258,6.345794],[-75.564179,6.345966],[-75.564315,6.34617],[-75.564354,6.346473],[-75.564404,6.346583],[-75.564409,6.346718],[-75.56448,6.3469],[-75.564532,6.347187],[-75.564544,6.347304],[-75.564357,6.347422],[-75.564339,6.347609],[-75.564368,6.347844],[-75.564562,6.347896],[-75.564685,6.347984],[-75.564819,6.348213],[-75.564837,6.348453],[-75.564731,6.348615],[-75.564738,6.348741],[-75.56478,6.348824]]]},"properties":{"Nombre":"B. Playa Rica","CodigoPOT":"06-01(56)","codigoDANE":"0601","CodigoCatastro":"056","CodCOMUNA":"06","Extension":0.192,"Poblacion":6986,"EstratoPredom":"Dos."}},{"type":"Feature","geometry":{"type":"Polygon","coordinates":[[[-75.545067,6.34869],[-75.545978,6.348592],[-75.546188,6.348485],[-75.546292,6.348646],[-75.546362,6.348603],[-75.546466,6.348457],[-75.546547,6.348266],[-75.546557,6.348007],[-75.546524,6.347949],[-75.546404,6.347968],[-75.546322,6.347602],[-75.546972,6.347071],[-75.546778,6.346711],[-75.546609,6.346558],[-75.546523,6.346354],[-75.546378,6.346282],[-75.546282,6.346138],[-75.545735,6.346189],[-75.54566,6.345892],[-75.543087,6.346576],[-75.543175,6.347251],[-75.543294,6.347648],[-75.543681,6.348227],[-75.543813,6.348317],[-75.544118,6.348371],[-75.544191,6.348254],[-75.544332,6.348182],[-75.544395,6.348185],[-75.544852,6.348606],[-75.544935,6.348666],[-75.545067,6.34869]]]},"properties":{"Nombre":"B. Altos de Quitasol","CodigoPOT":"07-04(62)","codigoDANE":"0704","CodigoCatastro":"062","CodCOMUNA":"07","Extension":0.092,"Poblacion":2821,"EstratoPredom":"Dos."}},{"type":"Feature","geometry":{"type":"Polygon","coordinates":[[[-75.560841,6.347736],[-75.56089,6.347737],[-75.560875,6.347869],[-75.561584,6.348099],[-75.561663,6.347883],[-75.561601,6.347674],[-75.561706,6.347288],[-75.562398,6.347477],[-75.562545,6.346993],[-75.563014,6.347117],[-75.563264,6.347081],[-75.563572,6.346718],[-75.563812,6.346578],[-75.563877,6.346501],[-75.564258,6.345794],[-75.564406,6.345808],[-75.564546,6.345764],[-75.56493,6.345609],[-75.565122,6.345476],[-75.565292,6.345454],[-75.565388,6.345365],[-75.564443,6.344855],[-75.564,6.344471],[-75.563913,6.344318],[-75.563644,6.344302],[-75.563441,6.344219],[-75.563013,6.344171],[-75.562355,6.344263],[-75.561643,6.344315],[-75.561216,6.34416],[-75.56125,6.344248],[-75.561229,6.344412],[-75.560783,6.345896],[-75.560687,6.346494],[-75.560528,6.346902],[-75.560567,6.347208],[-75.560961,6.347264],[-75.560841,6.347736]]]},"properties":{"Nombre":"B. Marco T. Heao","CodigoPOT":"Sin codigo","codigoDANE":"Sin codigo","CodigoCatastro":"058","CodCOMUNA":"06","Extension":0.014,"Poblacion":0,"EstratoPredom":" "}},{"type":"Feature","geometry":{"type":"Polygon","coordinates":[[[-75.575822,6.34765],[-75.575891,6.347585],[-75.57581,6.347462],[-75.575255,6.347007],[-75.574947,6.346696],[-75.574564,6.346517],[-75.574363,6.346592],[-75.57414,6.346457],[-75.573944,6.346287],[-75.573816,6.346295],[-75.573444,6.346064],[-75.573461,6.345882],[-75.572624,6.345348],[-75.572229,6.345941],[-75.571657,6.345106],[-75.571496,6.345188],[-75.571446,6.345277],[-75.571526,6.345717],[-75.571782,6.346],[-75.571774,6.346057],[-75.571998,6.346206],[-75.572333,6.346293],[-75.57246,6.346402],[-75.572575,6.346402],[-75.572992,6.346791],[-75.573216,6.346902],[-75.573573,6.347289],[-75.573566,6.347029],[-75.573618,6.347055],[-75.573737,6.347181],[-75.573814,6.347444],[-75.573759,6.347183],[-75.574394,6.346897],[-75.574753,6.346898],[-75.57495,6.347064],[-75.575306,6.347273],[-75.575368,6.347391],[-75.575517,6.347535],[-75.575822,6.34765]]]},"properties":{"Nombre":"B. Primavera","CodigoPOT":"05-10(55)","codigoDANE":"0510","CodigoCatastro":"055","CodCOMUNA":"05","Extension":0.035,"Poblacion":1594,"EstratoPredom":"Uno."}},{"type":"Feature","geometry":{"type":"Polygon","coordinates":[[[-75.569745,6.346804],[-75.570452,6.346729],[-75.570479,6.346691],[-75.570472,6.346527],[-75.570568,6.346362],[-75.570924,6.346211],[-75.570939,6.346053],[-75.571138,6.345913],[-75.57116,6.345788],[-75.571133,6.345626],[-75.571055,6.345474],[-75.571154,6.345437],[-75.571151,6.345411],[-75.570932,6.345421],[-75.57083,6.345319],[-75.570744,6.345314],[-75.569485,6.345464],[-75.569564,6.346299],[-75.569686,6.346301],[-75.569745,6.346804]]]},"properties":{"Nombre":"Urb.Villamaría","CodigoPOT":"05-11(992)","codigoDANE":"0511","CodigoCatastro":"Sin codigo","CodCOMUNA":"05","Extension":0.02,"Poblacion":558,"EstratoPredom":"Dos."}},{"type":"Feature","geometry":{"type":"Polygon","coordinates":[[[-75.543274,6.346523],[-75.54566,6.345892],[-75.545735,6.346189],[-75.546282,6.346138],[-75.545907,6.345753],[-75.545893,6.345539],[-75.545734,6.345171],[-75.545728,6.345038],[-75.54578,6.344906],[-75.545674,6.34479],[-75.545683,6.344706],[-75.545952,6.344271],[-75.546077,6.344181],[-75.546182,6.344292],[-75.546153,6.344076],[-75.546038,6.343726],[-75.545998,6.34342],[-75.54602,6.343303],[-75.546078,6.343221],[-75.546286,6.343085],[-75.545747,6.341082],[-75.543348,6.341724],[-75.543637,6.342846],[-75.543624,6.343114],[-75.543037,6.344509],[-75.542986,6.344655],[-75.542986,6.344759],[-75.543027,6.344874],[-75.543466,6.34535],[-75.543526,6.345545],[-75.543507,6.345672],[-75.543412,6.345822],[-75.542621,6.346318],[-75.542673,6.346374],[-75.542731,6.346545],[-75.542602,6.346599],[-75.542625,6.346634],[-75.542826,6.346649],[-75.543274,6.346523]]]},"properties":{"Nombre":"Sector Hermosa Provincia","CodigoPOT":" ","codigoDANE":" ","CodigoCatastro":" ","CodCOMUNA":" ","Extension":0,"Poblacion":0,"EstratoPredom":" "}},{"type":"Feature","geometry":{"type":"Polygon","coordinates":[[[-75.554093,6.346345],[-75.554766,6.346517],[-75.55537,6.344618],[-75.5579,6.345318],[-75.558071,6.34546],[-75.558369,6.345859],[-75.558452,6.345756],[-75.55841,6.345578],[-75.55844,6.345384],[-75.558312,6.344967],[-75.558317,6.344745],[-75.558364,6.344642],[-75.558487,6.34451],[-75.558573,6.344159],[-75.558694,6.34401],[-75.558747,6.343833],[-75.558941,6.343572],[-75.559058,6.342859],[-75.55894,6.34252],[-75.558864,6.342427],[-75.558725,6.342419],[-75.55824,6.342495],[-75.557946,6.342412],[-75.557501,6.342355],[-75.556891,6.342187],[-75.556814,6.342109],[-75.556596,6.341568],[-75.556502,6.341432],[-75.556306,6.34151],[-75.556211,6.341623],[-75.556185,6.341753],[-75.556193,6.341822],[-75.55647,6.341944],[-75.556366,6.342697],[-75.555942,6.34255],[-75.55557,6.343919],[-75.553604,6.343375],[-75.553396,6.344065],[-75.552497,6.343824],[-75.552299,6.344601],[-75.552567,6.344652],[-75.552457,6.345123],[-75.552579,6.345297],[-75.55365,6.345575],[-75.553481,6.346208],[-75.554093,6.346345]]]},"properties":{"Nombre":"B. Niquía Bifamiliar","CodigoPOT":"07-02(60)","codigoDANE":"0702","CodigoCatastro":"060","CodCOMUNA":"07","Extension":0.18,"Poblacion":13736,"EstratoPredom":"Dos."}},{"type":"Feature","geometry":{"type":"Polygon","coordinates":[[[-75.541559,6.342205],[-75.541545,6.342155],[-75.541478,6.342129],[-75.541433,6.342069],[-75.540642,6.339136],[-75.543184,6.338435],[-75.543669,6.338455],[-75.544038,6.338318],[-75.544305,6.338293],[-75.544661,6.338189],[-75.54481,6.338215],[-75.544935,6.33831],[-75.544993,6.338406],[-75.545024,6.338399],[-75.544819,6.337639],[-75.542285,6.338347],[-75.541629,6.338486],[-75.54119,6.33864],[-75.540787,6.338725],[-75.54024,6.338774],[-75.539046,6.339086],[-75.538577,6.339294],[-75.537168,6.340081],[-75.538276,6.341969],[-75.538888,6.342908],[-75.541559,6.342205]]]},"properties":{"Nombre":"Proyecto Terranova","CodigoPOT":"Sin codigo","codigoDANE":"Sin codigo","CodigoCatastro":"Sin codigo","CodCOMUNA":"08","Extension":0.515,"Poblacion":0,"EstratoPredom":"Por definir."}},{"type":"Feature","geometry":{"type":"Polygon","coordinates":[[[-75.573934,6.346299],[-75.574044,6.34615],[-75.573865,6.345958],[-75.573711,6.345681],[-75.573629,6.34563],[-75.573752,6.345409],[-75.573737,6.345312],[-75.573461,6.345164],[-75.573417,6.344958],[-75.573279,6.344876],[-75.573444,6.344604],[-75.572929,6.344259],[-75.571831,6.343631],[-75.571368,6.344732],[-75.571695,6.34515],[-75.572149,6.345848],[-75.572229,6.345941],[-75.572624,6.345348],[-75.573461,6.345882],[-75.573444,6.346064],[-75.573816,6.346295],[-75.573934,6.346299]]]},"properties":{"Nombre":"B. Urapanes","CodigoPOT":"05-09(54)","codigoDANE":"0509","CodigoCatastro":"054","CodCOMUNA":"05","Extension":0.0039,"Poblacion":2385,"EstratoPredom":"Dos."}},{"type":"Feature","geometry":{"type":"Polygon","coordinates":[[[-75.56104,6.345049],[-75.561229,6.344412],[-75.56125,6.344248],[-75.561216,6.34416],[-75.560984,6.343989],[-75.560877,6.343826],[-75.560664,6.343606],[-75.560559,6.343437],[-75.560457,6.343361],[-75.559623,6.342856],[-75.559429,6.3427],[-75.559053,6.342481],[-75.558864,6.342427],[-75.55898,6.342586],[-75.559058,6.342859],[-75.558941,6.343572],[-75.558747,6.343833],[-75.558658,6.344049],[-75.559565,6.344402],[-75.560776,6.344969],[-75.56104,6.345049]]]},"properties":{"Nombre":"B. La Selva","CodigoPOT":"06-10(59)","codigoDANE":"0610","CodigoCatastro":"059","CodCOMUNA":"07","Extension":0.04,"Poblacion":2535,"EstratoPredom":"Dos."}},{"type":"Feature","geometry":{"type":"Polygon","coordinates":[[[-75.551105,6.344732],[-75.55153,6.34484],[-75.551544,6.344533],[-75.551593,6.344283],[-75.551786,6.343626],[-75.553396,6.344065],[-75.553604,6.343375],[-75.55557,6.343919],[-75.555942,6.34255],[-75.556366,6.342697],[-75.55647,6.341944],[-75.556193,6.341822],[-75.556185,6.341753],[-75.556211,6.341623],[-75.556306,6.34151],[-75.556502,6.341432],[-75.556427,6.341224],[-75.556303,6.340998],[-75.555749,6.340228],[-75.555344,6.339867],[-75.555088,6.339747],[-75.554796,6.339515],[-75.554559,6.33917],[-75.554393,6.339002],[-75.554267,6.338932],[-75.55406,6.339201],[-75.551971,6.338606],[-75.550831,6.338394],[-75.550008,6.338303],[-75.549287,6.338303],[-75.548159,6.338388],[-75.548004,6.338369],[-75.548719,6.343135],[-75.546963,6.343616],[-75.547054,6.343937],[-75.546838,6.344008],[-75.546954,6.344414],[-75.548974,6.34391],[-75.549347,6.343891],[-75.549769,6.343914],[-75.550081,6.343942],[-75.550024,6.344429],[-75.551105,6.344732]]]},"properties":{"Nombre":"B. Ciudad Niquía","CodigoPOT":"08-02(44)","codigoDANE":"0802","CodigoCatastro":"044","CodCOMUNA":"08","Extension":0.497,"Poblacion":19283,"EstratoPredom":"Tres."}},{"type":"Feature","geometry":{"type":"Polygon","coordinates":[[[-75.573772,6.34129],[-75.573769,6.341101],[-75.573645,6.341119],[-75.573648,6.341074],[-75.573118,6.341045],[-75.57312,6.341004],[-75.572714,6.340978],[-75.572467,6.340973],[-75.57246,6.341021],[-75.57242,6.340929],[-75.572189,6.340896],[-75.572189,6.340872],[-75.571179,6.340838],[-75.571096,6.340896],[-75.571119,6.34114],[-75.571072,6.342106],[-75.570671,6.342098],[-75.570668,6.342449],[-75.570047,6.343135],[-75.569868,6.343401],[-75.569828,6.34348],[-75.569763,6.343943],[-75.569772,6.344231],[-75.570745,6.34445],[-75.571065,6.344572],[-75.571368,6.344732],[-75.571787,6.343713],[-75.571902,6.343551],[-75.572369,6.343582],[-75.572564,6.3438],[-75.573701,6.343849],[-75.573772,6.341827],[-75.573679,6.341823],[-75.573706,6.341294],[-75.573772,6.34129]]]},"properties":{"Nombre":"B. Trapiche","CodigoPOT":"05-08(53)","codigoDANE":"0508","CodigoCatastro":"053","CodCOMUNA":"05","Extension":0.125,"Poblacion":1586,"EstratoPredom":"Dos y Tres."}},{"type":"Feature","geometry":{"type":"Polygon","coordinates":[[[-75.546588,6.344476],[-75.546954,6.344414],[-75.546838,6.344008],[-75.547054,6.343937],[-75.546963,6.343616],[-75.548719,6.343135],[-75.548004,6.338369],[-75.548,6.33808],[-75.547804,6.336743],[-75.546267,6.337149],[-75.544819,6.337639],[-75.546286,6.343085],[-75.546078,6.343221],[-75.54602,6.343303],[-75.545998,6.34342],[-75.546038,6.343726],[-75.546153,6.344076],[-75.546182,6.344292],[-75.546588,6.344476]]]},"properties":{"Nombre":"B. Ciudadela del Norte","CodigoPOT":" ","codigoDANE":" ","CodigoCatastro":" ","CodCOMUNA":" ","Extension":0,"Poblacion":0,"EstratoPredom":" "}},{"type":"Feature","geometry":{"type":"Polygon","coordinates":[[[-75.564355,6.344337],[-75.565021,6.344285],[-75.565148,6.34423],[-75.565442,6.343996],[-75.565601,6.343794],[-75.565979,6.343518],[-75.566212,6.343292],[-75.566376,6.342721],[-75.566541,6.342776],[-75.56659,6.342751],[-75.566839,6.34194],[-75.565165,6.341297],[-75.56469,6.341078],[-75.564362,6.340868],[-75.563476,6.340081],[-75.563228,6.339896],[-75.563272,6.340679],[-75.563102,6.341816],[-75.562843,6.342277],[-75.562645,6.342964],[-75.563387,6.343665],[-75.563956,6.344035],[-75.563913,6.344318],[-75.564355,6.344337]]]},"properties":{"Nombre":"B. Buenos Aires","CodigoPOT":"05-05(50)","codigoDANE":"0505","CodigoCatastro":"050","CodCOMUNA":"05","Extension":0.124,"Poblacion":7249,"EstratoPredom":"Tres."}},{"type":"Feature","geometry":{"type":"Polygon","coordinates":[[[-75.561784,6.344313],[-75.563013,6.344171],[-75.563441,6.344219],[-75.563644,6.344302],[-75.563913,6.344318],[-75.563956,6.344035],[-75.563387,6.343665],[-75.562755,6.343054],[-75.559494,6.340434],[-75.559453,6.340404],[-75.559165,6.34044],[-75.559414,6.342691],[-75.559623,6.342856],[-75.560559,6.343437],[-75.560664,6.343606],[-75.560877,6.343826],[-75.560984,6.343989],[-75.561186,6.344148],[-75.561457,6.344263],[-75.561643,6.344315],[-75.561784,6.344313]]]},"properties":{"Nombre":"B. El Cairo","CodigoPOT":"04-12(48)","codigoDANE":"0412","CodigoCatastro":"048","CodCOMUNA":"04","Extension":0.097,"Poblacion":6841,"EstratoPredom":"Dos y Tres."}},{"type":"Feature","geometry":{"type":"Polygon","coordinates":[[[-75.568202,6.343605],[-75.568407,6.343476],[-75.568902,6.343036],[-75.569128,6.342952],[-75.569315,6.342934],[-75.569361,6.342856],[-75.569339,6.342715],[-75.569387,6.342638],[-75.569691,6.342473],[-75.569716,6.342362],[-75.569696,6.34218],[-75.569774,6.342037],[-75.569994,6.341061],[-75.569971,6.34096],[-75.569834,6.340882],[-75.56751,6.34025],[-75.567001,6.342002],[-75.566839,6.34194],[-75.56659,6.342751],[-75.566541,6.342776],[-75.566376,6.342721],[-75.566211,6.34329],[-75.566628,6.343057],[-75.566729,6.343069],[-75.567459,6.343324],[-75.567824,6.3433],[-75.568026,6.343402],[-75.568202,6.343605]]]},"properties":{"Nombre":"B. El Paraíso","CodigoPOT":"05-06(52)","codigoDANE":"0506","CodigoCatastro":"052","CodCOMUNA":"05","Extension":0.091,"Poblacion":0,"EstratoPredom":" "}},{"type":"Feature","geometry":{"type":"Polygon","coordinates":[[[-75.56265,6.342952],[-75.562843,6.342277],[-75.563102,6.341816],[-75.563272,6.340679],[-75.563228,6.339896],[-75.562426,6.339378],[-75.561566,6.338924],[-75.561229,6.340217],[-75.559453,6.340404],[-75.56265,6.342952]]]},"properties":{"Nombre":"B. Mesa","CodigoPOT":"04-11(49)","codigoDANE":"0411","CodigoCatastro":"049","CodCOMUNA":"04","Extension":0.088,"Poblacion":3608,"EstratoPredom":"Tres."}},{"type":"Feature","geometry":{"type":"Polygon","coordinates":[[[-75.559414,6.342691],[-75.559165,6.34044],[-75.556479,6.340719],[-75.556061,6.340433],[-75.555895,6.340424],[-75.556303,6.340998],[-75.556427,6.341224],[-75.556513,6.341463],[-75.556596,6.341568],[-75.556814,6.342109],[-75.556891,6.342187],[-75.557501,6.342355],[-75.557946,6.342412],[-75.55824,6.342495],[-75.558725,6.342419],[-75.558942,6.34244],[-75.559414,6.342691]]]},"properties":{"Nombre":"B. La Milagrosa","CodigoPOT":"04-13(47)","codigoDANE":"0413","CodigoCatastro":"047","CodCOMUNA":"04","Extension":0.062,"Poblacion":3929,"EstratoPredom":"Tres."}},{"type":"Feature","geometry":{"type":"Polygon","coordinates":[[[-75.567001,6.342002],[-75.56751,6.34025],[-75.565893,6.339888],[-75.565409,6.339729],[-75.56429,6.3408],[-75.56469,6.341078],[-75.565165,6.341297],[-75.567001,6.342002]]]},"properties":{"Nombre":"B. Briceñito","CodigoPOT":"05-04(51)","codigoDANE":"0504","CodigoCatastro":"051","CodCOMUNA":"05","Extension":0.051,"Poblacion":3010,"EstratoPredom":"Tres."}},{"type":"Feature","geometry":{"type":"Polygon","coordinates":[[[-75.569834,6.340882],[-75.569875,6.340705],[-75.569718,6.340386],[-75.569626,6.339941],[-75.569571,6.33949],[-75.569622,6.339352],[-75.569611,6.339216],[-75.569769,6.339176],[-75.569966,6.339266],[-75.570157,6.339188],[-75.570202,6.338429],[-75.570294,6.338324],[-75.570144,6.338054],[-75.570045,6.337964],[-75.569842,6.337865],[-75.56952,6.337766],[-75.568178,6.337827],[-75.567583,6.337827],[-75.567377,6.337798],[-75.566972,6.338055],[-75.566298,6.338641],[-75.565409,6.339729],[-75.565893,6.339888],[-75.567532,6.340255],[-75.569834,6.340882]]]},"properties":{"Nombre":"B. El Porvenir","CodigoPOT":"05-03(32)","codigoDANE":"0503","CodigoCatastro":"032","CodCOMUNA":"05","Extension":0.117,"Poblacion":5925,"EstratoPredom":"Dos y Tres."}},{"type":"Feature","geometry":{"type":"Polygon","coordinates":[[[-75.564963,6.340182],[-75.565526,6.339612],[-75.566298,6.338641],[-75.566972,6.338055],[-75.567377,6.337798],[-75.567075,6.337313],[-75.56714,6.337167],[-75.567476,6.33677],[-75.567786,6.335704],[-75.567938,6.335287],[-75.567641,6.335277],[-75.567483,6.335221],[-75.567106,6.33499],[-75.566899,6.334928],[-75.566745,6.334918],[-75.566515,6.334949],[-75.565972,6.335165],[-75.565401,6.335274],[-75.565546,6.336297],[-75.564975,6.336336],[-75.564334,6.336429],[-75.564329,6.337117],[-75.56437,6.337333],[-75.56454,6.337635],[-75.564297,6.338477],[-75.563424,6.338189],[-75.563155,6.339177],[-75.562957,6.339713],[-75.563476,6.340081],[-75.56429,6.3408],[-75.564963,6.340182]]]},"properties":{"Nombre":"B. Altavista","CodigoPOT":"05-01(33)","codigoDANE":"0501","CodigoCatastro":"033","CodCOMUNA":"05","Extension":0.16,"Poblacion":4497,"EstratoPredom":"Tres."}},{"type":"Feature","geometry":{"type":"Polygon","coordinates":[[[-75.556479,6.340719],[-75.559453,6.340404],[-75.558182,6.339338],[-75.558114,6.33845],[-75.55604,6.338679],[-75.554445,6.338816],[-75.554267,6.338932],[-75.554393,6.339002],[-75.554559,6.33917],[-75.554796,6.339515],[-75.555088,6.339747],[-75.555344,6.339867],[-75.555582,6.340055],[-75.555895,6.340424],[-75.556061,6.340433],[-75.556479,6.340719]]]},"properties":{"Nombre":"B. Congolo","CodigoPOT":"04-14(45)","codigoDANE":"0414","CodigoCatastro":"045","CodCOMUNA":"04","Extension":0.084,"Poblacion":5020,"EstratoPredom":"Tres."}},{"type":"Feature","geometry":{"type":"Polygon","coordinates":[[[-75.5602,6.340329],[-75.561229,6.340217],[-75.561566,6.338924],[-75.561209,6.338721],[-75.561101,6.338627],[-75.560805,6.338261],[-75.560574,6.338041],[-75.560069,6.337381],[-75.559644,6.336726],[-75.559161,6.336767],[-75.558812,6.336843],[-75.558815,6.337127],[-75.558944,6.338356],[-75.558114,6.33845],[-75.558182,6.339338],[-75.559453,6.340404],[-75.5602,6.340329]]]},"properties":{"Nombre":"B. Andalucía","CodigoPOT":"04-10(46)","codigoDANE":"0410","CodigoCatastro":"046","CodCOMUNA":"04","Extension":0.094,"Poblacion":4364,"EstratoPredom":"Tres."}},{"type":"Feature","geometry":{"type":"Polygon","coordinates":[[[-75.562957,6.339713],[-75.563155,6.339177],[-75.563424,6.338189],[-75.564297,6.338477],[-75.56454,6.337635],[-75.56437,6.337333],[-75.564329,6.337117],[-75.564334,6.336429],[-75.564975,6.336336],[-75.565546,6.336297],[-75.565401,6.335274],[-75.564602,6.335594],[-75.564396,6.335622],[-75.563413,6.335611],[-75.562482,6.335888],[-75.561968,6.335936],[-75.561345,6.335935],[-75.561118,6.336054],[-75.560585,6.336598],[-75.560406,6.336592],[-75.559644,6.336726],[-75.560069,6.337381],[-75.560574,6.338041],[-75.560805,6.338261],[-75.561101,6.338627],[-75.561209,6.338721],[-75.562426,6.339378],[-75.562957,6.339713]]]},"properties":{"Nombre":"B. El Rosario","CodigoPOT":"04-09(34)","codigoDANE":"0409","CodigoCatastro":"034","CodCOMUNA":"04","Extension":0.15,"Poblacion":8304,"EstratoPredom":"Tres."}},{"type":"Feature","geometry":{"type":"Polygon","coordinates":[[[-75.55406,6.339201],[-75.554267,6.338932],[-75.553718,6.338583],[-75.553054,6.33783],[-75.552651,6.337553],[-75.552268,6.337368],[-75.55178,6.336983],[-75.551716,6.336873],[-75.551678,6.336716],[-75.551674,6.336233],[-75.551627,6.336094],[-75.551638,6.336002],[-75.551501,6.335705],[-75.5509,6.335887],[-75.550025,6.33605],[-75.549116,6.336382],[-75.548286,6.336636],[-75.547804,6.336743],[-75.548,6.33808],[-75.548004,6.338369],[-75.548159,6.338388],[-75.549287,6.338303],[-75.550008,6.338303],[-75.550831,6.338394],[-75.551971,6.338606],[-75.55406,6.339201]]]},"properties":{"Nombre":"B. Panamaricano","CodigoPOT":"08-01(39)","codigoDANE":"0801","CodigoCatastro":"039","CodCOMUNA":"08","Extension":0.129,"Poblacion":3283,"EstratoPredom":"Tres."}},{"type":"Feature","geometry":{"type":"Polygon","coordinates":[[[-75.554267,6.338932],[-75.554445,6.338816],[-75.554541,6.338811],[-75.553988,6.334683],[-75.552813,6.334887],[-75.552724,6.335017],[-75.55225,6.335351],[-75.551771,6.335621],[-75.551501,6.335705],[-75.551638,6.336002],[-75.551627,6.336094],[-75.551674,6.336233],[-75.551678,6.336716],[-75.551716,6.336873],[-75.55178,6.336983],[-75.552074,6.337233],[-75.552268,6.337368],[-75.552651,6.337553],[-75.553054,6.33783],[-75.553718,6.338583],[-75.554267,6.338932]]]},"properties":{"Nombre":"B. Las Granjas","CodigoPOT":"04-15(38)","codigoDANE":"0415","CodigoCatastro":"038","CodCOMUNA":"04","Extension":0.093,"Poblacion":4676,"EstratoPredom":"Uno, dos y tres."}},{"type":"Feature","geometry":{"type":"Polygon","coordinates":[[[-75.554642,6.338802],[-75.557458,6.338521],[-75.557322,6.337332],[-75.557149,6.336242],[-75.557079,6.335356],[-75.556742,6.334121],[-75.555979,6.334304],[-75.553988,6.334683],[-75.554541,6.338811],[-75.554642,6.338802]]]},"properties":{"Nombre":"B. Prado","CodigoPOT":"04-16(37)","codigoDANE":"0416","CodigoCatastro":"037","CodCOMUNA":"04","Extension":0.15,"Poblacion":6382,"EstratoPredom":"Tres."}},{"type":"Feature","geometry":{"type":"Polygon","coordinates":[[[-75.557744,6.338499],[-75.558944,6.338356],[-75.558815,6.337127],[-75.558812,6.336843],[-75.559161,6.336767],[-75.559644,6.336726],[-75.560406,6.336592],[-75.560139,6.334563],[-75.560027,6.333912],[-75.558555,6.334418],[-75.558462,6.333635],[-75.556742,6.334121],[-75.557079,6.335356],[-75.557149,6.336242],[-75.557322,6.337332],[-75.557458,6.338521],[-75.557744,6.338499]]]},"properties":{"Nombre":"B. Centro","CodigoPOT":"04-06(36)","codigoDANE":"0406","CodigoCatastro":"036","CodCOMUNA":"04","Extension":0.139,"Poblacion":3249,"EstratoPredom":"Tres."}},{"type":"Feature","geometry":{"type":"Polygon","coordinates":[[[-75.570173,6.338106],[-75.570673,6.337472],[-75.570957,6.336998],[-75.571012,6.33684],[-75.570922,6.336567],[-75.57086,6.336491],[-75.570744,6.336425],[-75.570653,6.33612],[-75.570066,6.335082],[-75.569923,6.334882],[-75.56978,6.335053],[-75.569477,6.335233],[-75.568677,6.335396],[-75.568075,6.335286],[-75.567938,6.335287],[-75.567786,6.335704],[-75.567476,6.33677],[-75.56714,6.337167],[-75.567075,6.337313],[-75.567377,6.337798],[-75.567583,6.337827],[-75.568178,6.337827],[-75.56952,6.337766],[-75.569842,6.337865],[-75.570045,6.337964],[-75.570173,6.338106]]]},"properties":{"Nombre":"B. El Carmelo","CodigoPOT":"05-02(31)","codigoDANE":"0502","CodigoCatastro":"031","CodCOMUNA":"05","Extension":0.099,"Poblacion":3043,"EstratoPredom":"Tres."}},{"type":"Feature","geometry":{"type":"Polygon","coordinates":[[[-75.571848,6.337195],[-75.571996,6.337202],[-75.572056,6.337107],[-75.572283,6.337117],[-75.57234,6.337072],[-75.57257,6.337081],[-75.572589,6.336652],[-75.572893,6.336551],[-75.572857,6.336487],[-75.572495,6.336198],[-75.572376,6.336131],[-75.572223,6.336122],[-75.571945,6.335884],[-75.571789,6.335894],[-75.571538,6.335965],[-75.571304,6.335861],[-75.57125,6.335891],[-75.571198,6.337165],[-75.571848,6.337195]]]},"properties":{"Nombre":"Urb. Florida Verde","CodigoPOT":"Sin codigo","codigoDANE":"Sin codigo","CodigoCatastro":"Sin codigo","CodCOMUNA":"05","Extension":0.0198,"Poblacion":0,"EstratoPredom":"Por definir."}},{"type":"Feature","geometry":{"type":"Polygon","coordinates":[[[-75.573673,6.3368],[-75.57403,6.336581],[-75.574262,6.336626],[-75.574477,6.336571],[-75.574773,6.336345],[-75.574784,6.336194],[-75.57439,6.336463],[-75.574344,6.336443],[-75.574264,6.336302],[-75.574211,6.33604],[-75.574235,6.335915],[-75.574488,6.335598],[-75.574792,6.335359],[-75.57461,6.33522],[-75.574296,6.335141],[-75.574255,6.33504],[-75.574317,6.334784],[-75.57425,6.334759],[-75.57417,6.334647],[-75.574,6.334791],[-75.573852,6.334812],[-75.573675,6.335038],[-75.573469,6.334906],[-75.573203,6.335052],[-75.573086,6.33481],[-75.573128,6.334572],[-75.572968,6.334428],[-75.572942,6.3343],[-75.572828,6.334266],[-75.572665,6.334099],[-75.572596,6.334092],[-75.572446,6.334365],[-75.572155,6.334382],[-75.572068,6.334487],[-75.571923,6.334576],[-75.571701,6.334596],[-75.571725,6.334554],[-75.5717,6.334496],[-75.570914,6.334612],[-75.570337,6.334825],[-75.570204,6.334767],[-75.570096,6.334957],[-75.570055,6.335066],[-75.570708,6.336248],[-75.570809,6.336138],[-75.571304,6.335861],[-75.571538,6.335965],[-75.571789,6.335894],[-75.571945,6.335884],[-75.572223,6.336122],[-75.572376,6.336131],[-75.572495,6.336198],[-75.572957,6.3366],[-75.573227,6.336659],[-75.573436,6.33664],[-75.57357,6.336691],[-75.573673,6.3368]]]},"properties":{"Nombre":"Urb. Riachuelos","CodigoPOT":"05-12(991)","codigoDANE":"0512","CodigoCatastro":"Sin codigo","CodCOMUNA":"05","Extension":0.069,"Poblacion":1487,"EstratoPredom":"Cuatro."}},{"type":"Feature","geometry":{"type":"Polygon","coordinates":[[[-75.560585,6.336598],[-75.561118,6.336054],[-75.561345,6.335935],[-75.562301,6.335915],[-75.562482,6.335888],[-75.563413,6.335611],[-75.563687,6.3356],[-75.563645,6.33532],[-75.563051,6.33541],[-75.562904,6.333929],[-75.562171,6.334007],[-75.561239,6.333852],[-75.560783,6.333834],[-75.560377,6.333855],[-75.560027,6.333912],[-75.560139,6.334563],[-75.560406,6.336592],[-75.560585,6.336598]]]},"properties":{"Nombre":"B. Pérez","CodigoPOT":"04-07(35)","codigoDANE":"0407","CodigoCatastro":"035","CodCOMUNA":"04","Extension":0.075,"Poblacion":4120,"EstratoPredom":"Tres."}},{"type":"Feature","geometry":{"type":"Polygon","coordinates":[[[-75.537846,6.335842],[-75.538449,6.335843],[-75.538708,6.335711],[-75.539032,6.335665],[-75.539086,6.335628],[-75.539442,6.335084],[-75.539615,6.33498],[-75.54115,6.334513],[-75.541941,6.334444],[-75.542326,6.334337],[-75.542413,6.334357],[-75.54409,6.333586],[-75.544655,6.33346],[-75.54527,6.333148],[-75.545963,6.332922],[-75.546432,6.332827],[-75.547113,6.33249],[-75.548106,6.332232],[-75.5487,6.331832],[-75.548995,6.331529],[-75.549818,6.33029],[-75.550387,6.329566],[-75.550751,6.328655],[-75.550945,6.328268],[-75.552082,6.32658],[-75.553306,6.324925],[-75.553494,6.324567],[-75.55373,6.323877],[-75.553895,6.32309],[-75.554187,6.321029],[-75.555019,6.316947],[-75.554925,6.314727],[-75.554925,6.314094],[-75.555043,6.313556],[-75.555288,6.312958],[-75.555605,6.312326],[-75.556345,6.311344],[-75.556129,6.311143],[-75.556984,6.309982],[-75.556863,6.309724],[-75.55677,6.309662],[-75.556193,6.309668],[-75.555677,6.309537],[-75.555181,6.309528],[-75.552008,6.310564],[-75.551506,6.310691],[-75.551604,6.310761],[-75.550889,6.310981],[-75.550671,6.311093],[-75.550478,6.311269],[-75.55034,6.31149],[-75.550281,6.311663],[-75.550447,6.311718],[-75.550663,6.311897],[-75.550802,6.311966],[-75.551305,6.31197],[-75.551645,6.312104],[-75.551926,6.312082],[-75.552092,6.312107],[-75.552239,6.312044],[-75.552403,6.312084],[-75.552526,6.312028],[-75.552715,6.312138],[-75.552845,6.312169],[-75.553009,6.312134],[-75.553197,6.311992],[-75.553353,6.312032],[-75.553471,6.311938],[-75.553538,6.311927],[-75.55378,6.311988],[-75.55384,6.312229],[-75.55385,6.312356],[-75.553797,6.312536],[-75.553488,6.312939],[-75.553223,6.313374],[-75.553046,6.313748],[-75.552973,6.314074],[-75.553005,6.314311],[-75.553371,6.314849],[-75.553456,6.315031],[-75.553371,6.31552],[-75.553368,6.315805],[-75.55339,6.316155],[-75.553526,6.316825],[-75.55353,6.317183],[-75.553436,6.318197],[-75.553486,6.318199],[-75.553406,6.318786],[-75.553334,6.318942],[-75.551807,6.321027],[-75.551638,6.321147],[-75.551329,6.321255],[-75.550875,6.321505],[-75.550507,6.322016],[-75.550466,6.321896],[-75.550362,6.321761],[-75.550203,6.32192],[-75.549758,6.322087],[-75.54948,6.322276],[-75.549136,6.322359],[-75.54878,6.322569],[-75.548129,6.323399],[-75.54794,6.323549],[-75.547735,6.323572],[-75.547629,6.323472],[-75.54701,6.323162],[-75.546762,6.323199],[-75.546484,6.323166],[-75.546278,6.323188],[-75.546156,6.323088],[-75.546067,6.322871],[-75.546089,6.322643],[-75.546167,6.322504],[-75.546438,6.32219],[-75.54703,6.321826],[-75.54722,6.321609],[-75.547374,6.321282],[-75.547848,6.32082],[-75.547896,6.320652],[-75.547846,6.320496],[-75.547835,6.320307],[-75.548027,6.320164],[-75.547793,6.320025],[-75.547841,6.319943],[-75.547957,6.319851],[-75.548025,6.319648],[-75.548,6.319533],[-75.547612,6.319312],[-75.547532,6.320035],[-75.547418,6.320289],[-75.547233,6.320548],[-75.546994,6.320791],[-75.546676,6.321283],[-75.546247,6.321614],[-75.545897,6.321962],[-75.545588,6.322037],[-75.54555,6.322202],[-75.545482,6.32225],[-75.545479,6.322458],[-75.54556,6.32274],[-75.545668,6.322884],[-75.545693,6.322973],[-75.545839,6.323142],[-75.54579,6.323271],[-75.545629,6.323251],[-75.545518,6.32333],[-75.545307,6.323366],[-75.544984,6.323674],[-75.544807,6.323723],[-75.544627,6.32372],[-75.544468,6.323778],[-75.544418,6.32376],[-75.544373,6.323825],[-75.544265,6.324099],[-75.54429,6.324189],[-75.544436,6.324369],[-75.544472,6.324559],[-75.544384,6.324876],[-75.544313,6.324936],[-75.544226,6.325185],[-75.544083,6.325455],[-75.544028,6.325698],[-75.54373,6.325835],[-75.543534,6.325964],[-75.543359,6.325982],[-75.54276,6.325926],[-75.542463,6.325797],[-75.54227,6.325672],[-75.542191,6.325662],[-75.541509,6.325913],[-75.541324,6.325896],[-75.541102,6.325829],[-75.540809,6.325659],[-75.540649,6.325679],[-75.540473,6.325648],[-75.540279,6.325831],[-75.540012,6.325903],[-75.539911,6.325884],[-75.539854,6.325973],[-75.539878,6.326266],[-75.539852,6.326317],[-75.539741,6.326335],[-75.539645,6.326428],[-75.539294,6.326451],[-75.53951,6.326762],[-75.539905,6.326476],[-75.540019,6.326441],[-75.540336,6.326546],[-75.540476,6.326685],[-75.540562,6.327023],[-75.54062,6.327021],[-75.540671,6.326992],[-75.540769,6.32671],[-75.540989,6.326432],[-75.541388,6.326487],[-75.541512,6.326456],[-75.541717,6.326295],[-75.542017,6.326225],[-75.542174,6.326331],[-75.542323,6.326321],[-75.542755,6.326579],[-75.543185,6.326903],[-75.543461,6.327061],[-75.543595,6.32723],[-75.543722,6.327897],[-75.543353,6.328349],[-75.542722,6.328992],[-75.542504,6.329158],[-75.542349,6.32923],[-75.54201,6.32923],[-75.5417,6.329314],[-75.541664,6.32957],[-75.541432,6.330242],[-75.541093,6.330205],[-75.540892,6.33026],[-75.540844,6.330114],[-75.540693,6.330034],[-75.540664,6.32977],[-75.540583,6.32953],[-75.540438,6.329404],[-75.540389,6.329406],[-75.540097,6.329211],[-75.540105,6.328927],[-75.539916,6.328606],[-75.539754,6.328674],[-75.539532,6.328829],[-75.53941,6.328866],[-75.539313,6.328804],[-75.539155,6.328592],[-75.539121,6.328344],[-75.538952,6.328187],[-75.538631,6.327767],[-75.538546,6.327395],[-75.538496,6.327305],[-75.538372,6.32727],[-75.53826,6.327621],[-75.538683,6.32846],[-75.53873,6.328607],[-75.538701,6.328828],[-75.538645,6.328925],[-75.538519,6.329035],[-75.538305,6.329093],[-75.537701,6.329021],[-75.537197,6.328877],[-75.536771,6.328679],[-75.536516,6.32862],[-75.536826,6.328923],[-75.537454,6.329429],[-75.538071,6.330101],[-75.538229,6.329774],[-75.538458,6.329441],[-75.538935,6.328969],[-75.539687,6.329778],[-75.539257,6.330179],[-75.539094,6.330461],[-75.538842,6.330559],[-75.538525,6.330509],[-75.538448,6.330533],[-75.538792,6.330885],[-75.538868,6.331027],[-75.538823,6.331225],[-75.538691,6.331363],[-75.538743,6.331421],[-75.538797,6.331417],[-75.539498,6.330928],[-75.539664,6.330936],[-75.53982,6.331227],[-75.539912,6.331194],[-75.539987,6.331343],[-75.540395,6.331077],[-75.540823,6.330695],[-75.541276,6.330604],[-75.541759,6.33058],[-75.541878,6.330613],[-75.542163,6.330881],[-75.542448,6.331015],[-75.543697,6.331194],[-75.543853,6.331198],[-75.544053,6.331118],[-75.544214,6.331024],[-75.544531,6.330729],[-75.544639,6.330921],[-75.544977,6.331346],[-75.545131,6.331468],[-75.545372,6.331759],[-75.544459,6.332268],[-75.542621,6.333058],[-75.54213,6.333197],[-75.541506,6.333152],[-75.540885,6.333179],[-75.540252,6.333111],[-75.540119,6.333062],[-75.540145,6.332903],[-75.540262,6.332731],[-75.539908,6.33211],[-75.539954,6.332049],[-75.53971,6.331507],[-75.53909,6.332024],[-75.53821,6.332875],[-75.53791,6.333194],[-75.537535,6.333721],[-75.537462,6.333905],[-75.537859,6.334545],[-75.538063,6.334773],[-75.537787,6.335017],[-75.53773,6.334988],[-75.537849,6.335511],[-75.537846,6.335842]],[[-75.547091,6.32373],[-75.547289,6.323958],[-75.547116,6.324204],[-75.547145,6.324336],[-75.546595,6.324636],[-75.54653,6.324708],[-75.546465,6.324859],[-75.546472,6.325144],[-75.546389,6.325472],[-75.546369,6.325521],[-75.546294,6.325503],[-75.546289,6.325149],[-75.546249,6.325156],[-75.546244,6.325065],[-75.546303,6.325059],[-75.546294,6.324773],[-75.546343,6.324716],[-75.546356,6.324598],[-75.546636,6.324253],[-75.546552,6.32409],[-75.546672,6.323752],[-75.546763,6.323608],[-75.547056,6.323543],[-75.547091,6.323593],[-75.547072,6.323668],[-75.546805,6.323758],[-75.546838,6.323829],[-75.547091,6.32373]]]},"properties":{"Nombre":"Zona en desarrollo","CodigoPOT":"10-01(11)","codigoDANE":"1001","CodigoCatastro":"011","CodCOMUNA":"10","Extension":0.13,"Poblacion":5934,"EstratoPredom":"Uno y Dos."}},{"type":"Feature","geometry":{"type":"Polygon","coordinates":[[[-75.551501,6.335705],[-75.551771,6.335621],[-75.55225,6.335351],[-75.552724,6.335017],[-75.553104,6.334455],[-75.553956,6.333514],[-75.553888,6.333469],[-75.553821,6.333296],[-75.553801,6.333013],[-75.553718,6.332688],[-75.553435,6.33208],[-75.553349,6.331966],[-75.553239,6.331689],[-75.553207,6.331514],[-75.553235,6.331448],[-75.553293,6.331401],[-75.553667,6.331457],[-75.553889,6.331142],[-75.554036,6.331068],[-75.55786,6.329916],[-75.55808,6.329801],[-75.558039,6.329073],[-75.557238,6.328954],[-75.556695,6.328802],[-75.556488,6.32878],[-75.556213,6.328788],[-75.555453,6.328916],[-75.555314,6.328913],[-75.554738,6.329145],[-75.554436,6.329189],[-75.553502,6.329113],[-75.553122,6.328939],[-75.552904,6.328754],[-75.552579,6.328559],[-75.551938,6.328233],[-75.551186,6.327932],[-75.550945,6.328268],[-75.550751,6.328655],[-75.550387,6.329566],[-75.549818,6.33029],[-75.548995,6.331529],[-75.5487,6.331832],[-75.548416,6.332035],[-75.549219,6.332297],[-75.54954,6.332518],[-75.549785,6.332883],[-75.550164,6.333701],[-75.550293,6.333916],[-75.550359,6.334094],[-75.550373,6.334395],[-75.550484,6.334648],[-75.551159,6.335264],[-75.551501,6.335705]]]},"properties":{"Nombre":"Zona Industrial Nº 2","CodigoPOT":"Sin codigo","codigoDANE":"Sin codigo","CodigoCatastro":"020","CodCOMUNA":"03-04","Extension":0.38,"Poblacion":425,"EstratoPredom":"Sin estratificar."}},{"type":"Feature","geometry":{"type":"Polygon","coordinates":[[[-75.564396,6.335622],[-75.564602,6.335594],[-75.564813,6.33552],[-75.565401,6.335274],[-75.565972,6.335165],[-75.566515,6.334949],[-75.566899,6.334928],[-75.56715,6.335015],[-75.567145,6.334682],[-75.567053,6.334095],[-75.565502,6.334325],[-75.565302,6.334308],[-75.565221,6.33373],[-75.565144,6.333633],[-75.563781,6.333761],[-75.563416,6.333858],[-75.562904,6.333929],[-75.563051,6.33541],[-75.563645,6.33532],[-75.563687,6.3356],[-75.564396,6.335622]]]},"properties":{"Nombre":"B. Nazareth","CodigoPOT":"04-08(30)","codigoDANE":"0408","CodigoCatastro":"030","CodCOMUNA":"04","Extension":0.068,"Poblacion":3115,"EstratoPredom":"Tres."}},{"type":"Feature","geometry":{"type":"Polygon","coordinates":[[[-75.535943,6.334093],[-75.536302,6.334055],[-75.536879,6.334068],[-75.537118,6.334042],[-75.537255,6.334306],[-75.537726,6.334975],[-75.537787,6.335017],[-75.538063,6.334773],[-75.537859,6.334545],[-75.537462,6.333905],[-75.537535,6.333721],[-75.53791,6.333194],[-75.538596,6.332517],[-75.537888,6.331755],[-75.537562,6.332044],[-75.537311,6.331498],[-75.537352,6.331477],[-75.537174,6.331062],[-75.537215,6.331005],[-75.537137,6.330812],[-75.537009,6.330832],[-75.536519,6.331089],[-75.536472,6.330756],[-75.536038,6.330087],[-75.536002,6.329894],[-75.53604,6.32928],[-75.535919,6.328834],[-75.535812,6.328722],[-75.535347,6.328922],[-75.53512,6.329132],[-75.534982,6.329076],[-75.534903,6.329201],[-75.53499,6.329391],[-75.535172,6.329502],[-75.535138,6.329671],[-75.535267,6.329901],[-75.535369,6.329971],[-75.535554,6.330015],[-75.535613,6.330085],[-75.5356,6.330372],[-75.535632,6.330659],[-75.535585,6.331039],[-75.535678,6.331163],[-75.535853,6.331581],[-75.535977,6.331779],[-75.53604,6.332028],[-75.536008,6.332731],[-75.535989,6.332784],[-75.535709,6.332933],[-75.535542,6.333085],[-75.53553,6.333211],[-75.535639,6.333367],[-75.535663,6.333482],[-75.535622,6.333555],[-75.535445,6.33357],[-75.535374,6.33364],[-75.535358,6.333837],[-75.53539,6.333928],[-75.535346,6.334098],[-75.535943,6.334093]]]},"properties":{"Nombre":"B. Fontidueño","CodigoPOT":"09-01(23)","codigoDANE":"0901","CodigoCatastro":"023","CodCOMUNA":"09","Extension":0.12,"Poblacion":4330,"EstratoPredom":"Dos."}},{"type":"Feature","geometry":{"type":"Polygon","coordinates":[[[-75.567446,6.326576],[-75.567963,6.326223],[-75.568096,6.326082],[-75.568201,6.326036],[-75.568646,6.325984],[-75.568949,6.325974],[-75.568952,6.326023],[-75.569349,6.326004],[-75.569355,6.325959],[-75.56953,6.325972],[-75.570082,6.325251],[-75.570852,6.324959],[-75.570761,6.324918],[-75.570718,6.324813],[-75.570259,6.32499],[-75.570164,6.324831],[-75.569897,6.324927],[-75.569675,6.324554],[-75.569742,6.324357],[-75.569742,6.324161],[-75.569815,6.323921],[-75.569774,6.323274],[-75.5697,6.323274],[-75.5697,6.322842],[-75.570109,6.322853],[-75.570204,6.322762],[-75.570421,6.322764],[-75.570405,6.322634],[-75.570432,6.322564],[-75.570566,6.322545],[-75.570534,6.322367],[-75.570761,6.322174],[-75.570769,6.321799],[-75.570648,6.321891],[-75.570434,6.321848],[-75.57006,6.321525],[-75.569908,6.32149],[-75.569871,6.321369],[-75.569755,6.321277],[-75.569654,6.321123],[-75.569649,6.321082],[-75.569737,6.320925],[-75.569873,6.320762],[-75.570017,6.320694],[-75.570384,6.320606],[-75.5705,6.320465],[-75.57036,6.320449],[-75.570208,6.320175],[-75.570101,6.320055],[-75.570026,6.319856],[-75.56999,6.319637],[-75.569901,6.319646],[-75.569763,6.31961],[-75.569486,6.319334],[-75.569215,6.318867],[-75.569171,6.318741],[-75.569432,6.318347],[-75.569535,6.318316],[-75.569623,6.318339],[-75.569835,6.318466],[-75.569914,6.318377],[-75.570105,6.318319],[-75.56998,6.318209],[-75.570091,6.317862],[-75.570164,6.317773],[-75.569895,6.317763],[-75.569689,6.317626],[-75.57016,6.316916],[-75.570209,6.316799],[-75.570226,6.316563],[-75.57008,6.316124],[-75.5703,6.316169],[-75.570438,6.316041],[-75.570459,6.315686],[-75.570686,6.315318],[-75.570645,6.315119],[-75.570492,6.314951],[-75.570464,6.314784],[-75.570382,6.314719],[-75.570331,6.314594],[-75.570367,6.314504],[-75.570355,6.314448],[-75.570256,6.314607],[-75.570232,6.314827],[-75.570351,6.315064],[-75.570367,6.315167],[-75.570165,6.315504],[-75.5701,6.315523],[-75.56985,6.315413],[-75.569593,6.315394],[-75.569162,6.315157],[-75.568885,6.315219],[-75.568759,6.315194],[-75.568722,6.315214],[-75.56854,6.315465],[-75.568295,6.315651],[-75.568259,6.316115],[-75.567924,6.316392],[-75.567868,6.316478],[-75.56792,6.316802],[-75.567636,6.316858],[-75.567539,6.31694],[-75.567496,6.317034],[-75.567497,6.317127],[-75.567664,6.317345],[-75.567723,6.317482],[-75.567618,6.317523],[-75.567416,6.317432],[-75.567282,6.317671],[-75.567227,6.317894],[-75.566956,6.317955],[-75.566796,6.318098],[-75.566704,6.318356],[-75.566648,6.318434],[-75.566552,6.318493],[-75.566455,6.318651],[-75.566435,6.319183],[-75.566339,6.319341],[-75.566252,6.319604],[-75.565988,6.319849],[-75.565997,6.320017],[-75.565959,6.320226],[-75.565863,6.320399],[-75.565717,6.320498],[-75.565572,6.320473],[-75.565446,6.320548],[-75.565277,6.320156],[-75.565155,6.320263],[-75.565097,6.320422],[-75.564991,6.320491],[-75.564489,6.320413],[-75.564189,6.320456],[-75.564234,6.320694],[-75.563893,6.320703],[-75.563488,6.320857],[-75.563357,6.321008],[-75.563261,6.321206],[-75.563138,6.321637],[-75.563016,6.321783],[-75.562842,6.321855],[-75.562665,6.322031],[-75.562573,6.322237],[-75.562538,6.322508],[-75.562492,6.322629],[-75.562289,6.322752],[-75.562068,6.323161],[-75.561776,6.323355],[-75.561558,6.323689],[-75.561445,6.323717],[-75.561116,6.323681],[-75.561003,6.3237],[-75.561132,6.323981],[-75.561177,6.324254],[-75.561093,6.325527],[-75.560971,6.326665],[-75.560989,6.326876],[-75.561119,6.327344],[-75.561378,6.327662],[-75.562202,6.328478],[-75.563164,6.329497],[-75.563214,6.329475],[-75.56321,6.329415],[-75.563106,6.329088],[-75.56275,6.328363],[-75.562806,6.328311],[-75.563762,6.327789],[-75.563874,6.327755],[-75.564051,6.327986],[-75.564547,6.327823],[-75.564679,6.327814],[-75.564718,6.327638],[-75.564851,6.327598],[-75.564912,6.327747],[-75.565161,6.327687],[-75.565474,6.326978],[-75.565577,6.326844],[-75.5657,6.326773],[-75.565762,6.326771],[-75.565991,6.326871],[-75.566339,6.32675],[-75.566541,6.326829],[-75.566672,6.326918],[-75.56667,6.326986],[-75.567127,6.326767],[-75.567446,6.326576]],[[-75.565593,6.322963],[-75.565255,6.32311],[-75.565106,6.323122],[-75.564963,6.323083],[-75.564744,6.322892],[-75.56464,6.322729],[-75.564443,6.321838],[-75.564241,6.321872],[-75.56417,6.321558],[-75.564371,6.321509],[-75.564409,6.3217],[-75.564537,6.321681],[-75.564518,6.321576],[-75.564826,6.321512],[-75.564851,6.321602],[-75.564875,6.321603],[-75.564886,6.321439],[-75.564999,6.32148],[-75.565021,6.321436],[-75.56515,6.321481],[-75.565045,6.321863],[-75.565184,6.321991],[-75.565813,6.321865],[-75.565817,6.321916],[-75.566553,6.321764],[-75.566605,6.321908],[-75.567468,6.32172],[-75.567507,6.321971],[-75.567306,6.322013],[-75.56737,6.32231],[-75.56734,6.322355],[-75.567255,6.322397],[-75.566862,6.322469],[-75.566866,6.322532],[-75.566757,6.32257],[-75.56678,6.32272],[-75.566366,6.322814],[-75.566381,6.322894],[-75.566305,6.322911],[-75.566283,6.322837],[-75.565855,6.322931],[-75.565833,6.322834],[-75.56595,6.322807],[-75.565938,6.322718],[-75.565565,6.322805],[-75.565593,6.322963]],[[-75.567962,6.321549],[-75.568269,6.321033],[-75.5683,6.32105],[-75.568583,6.320554],[-75.568736,6.320644],[-75.568773,6.320583],[-75.568829,6.320617],[-75.568856,6.320571],[-75.568986,6.320649],[-75.569025,6.320583],[-75.569375,6.320788],[-75.568842,6.321695],[-75.56849,6.321488],[-75.56839,6.321631],[-75.568304,6.321695],[-75.567962,6.321549]],[[-75.566275,6.321035],[-75.565738,6.321105],[-75.565721,6.320971],[-75.565636,6.320984],[-75.565598,6.320912],[-75.565636,6.320862],[-75.565707,6.320863],[-75.565689,6.320729],[-75.566227,6.320659],[-75.566195,6.320417],[-75.566258,6.320409],[-75.566237,6.320248],[-75.566353,6.320232],[-75.566358,6.320268],[-75.566385,6.320265],[-75.566362,6.320067],[-75.56639,6.320019],[-75.566451,6.320001],[-75.566434,6.319867],[-75.566871,6.31981],[-75.56683,6.319507],[-75.566891,6.319499],[-75.566879,6.319406],[-75.567127,6.319388],[-75.56712,6.319334],[-75.567079,6.319339],[-75.566994,6.318571],[-75.567547,6.318513],[-75.567536,6.318432],[-75.567603,6.318424],[-75.567589,6.318263],[-75.567625,6.31822],[-75.569032,6.318061],[-75.569135,6.318111],[-75.567902,6.320113],[-75.567796,6.320056],[-75.567206,6.320875],[-75.567117,6.320926],[-75.566275,6.321035]],[[-75.569231,6.317915],[-75.568734,6.317603],[-75.56806,6.317837],[-75.567969,6.317577],[-75.568036,6.317374],[-75.567907,6.317004],[-75.568258,6.316785],[-75.568384,6.316671],[-75.568906,6.315913],[-75.569017,6.315844],[-75.569144,6.315817],[-75.56946,6.315878],[-75.569431,6.315922],[-75.569492,6.315962],[-75.569535,6.315897],[-75.569779,6.315987],[-75.569891,6.316133],[-75.570003,6.316493],[-75.569974,6.316795],[-75.56942,6.31763],[-75.568504,6.317025],[-75.568323,6.317062],[-75.568308,6.317019],[-75.568056,6.317121],[-75.568071,6.317163],[-75.568014,6.317183],[-75.568032,6.317234],[-75.568489,6.317092],[-75.569093,6.317494],[-75.569068,6.317531],[-75.569271,6.317667],[-75.569288,6.31764],[-75.569311,6.317656],[-75.569289,6.317689],[-75.569375,6.317698],[-75.569231,6.317915]]]},"properties":{"Nombre":"Hospital Mental","CodigoPOT":"Sin Codigo","codigoDANE":"Sin Codigo","CodigoCatastro":"999","CodCOMUNA":"03","Extension":1.26,"Poblacion":0,"EstratoPredom":"No estratificada."}},{"type":"Feature","geometry":{"type":"Polygon","coordinates":[[[-75.567706,6.335281],[-75.567715,6.334967],[-75.567966,6.33485],[-75.568223,6.334661],[-75.568227,6.334612],[-75.568036,6.334285],[-75.567732,6.334296],[-75.567654,6.334251],[-75.567638,6.334066],[-75.567695,6.333877],[-75.567694,6.333732],[-75.56753,6.333697],[-75.567326,6.333543],[-75.566811,6.333526],[-75.566802,6.333405],[-75.566753,6.333354],[-75.566455,6.333209],[-75.566128,6.332809],[-75.566498,6.332774],[-75.566667,6.332829],[-75.566873,6.333022],[-75.567046,6.332997],[-75.567266,6.332899],[-75.567417,6.332494],[-75.567159,6.332461],[-75.566666,6.332259],[-75.566433,6.332327],[-75.566257,6.332441],[-75.566106,6.332474],[-75.565354,6.332438],[-75.564431,6.332551],[-75.563918,6.332496],[-75.563595,6.332496],[-75.563134,6.33263],[-75.562852,6.3326],[-75.562259,6.332645],[-75.56186,6.332635],[-75.561759,6.332568],[-75.561689,6.332471],[-75.561584,6.332191],[-75.561472,6.33232],[-75.561418,6.333067],[-75.561239,6.333852],[-75.561881,6.333977],[-75.562374,6.334001],[-75.563416,6.333858],[-75.563781,6.333761],[-75.565144,6.333633],[-75.565221,6.33373],[-75.565302,6.334308],[-75.565502,6.334325],[-75.567053,6.334095],[-75.567145,6.334682],[-75.56715,6.335015],[-75.567483,6.335221],[-75.567706,6.335281]]]},"properties":{"Nombre":"B. Espíritu Santo","CodigoPOT":"04-05(29)","codigoDANE":"0405","CodigoCatastro":"029","CodCOMUNA":"04","Extension":0.11,"Poblacion":7007,"EstratoPredom":"Uno."}},{"type":"Feature","geometry":{"type":"Polygon","coordinates":[[[-75.552912,6.334869],[-75.555979,6.334304],[-75.556742,6.334121],[-75.558462,6.333635],[-75.55808,6.329801],[-75.55771,6.329969],[-75.555935,6.330497],[-75.556247,6.331449],[-75.556447,6.331819],[-75.556599,6.332023],[-75.555862,6.332358],[-75.554858,6.33287],[-75.553956,6.333514],[-75.553104,6.334455],[-75.552813,6.334887],[-75.552912,6.334869]]]},"properties":{"Nombre":"B. Manchester","CodigoPOT":"04-17(26)","codigoDANE":"0417","CodigoCatastro":"026","CodCOMUNA":"04","Extension":0.15,"Poblacion":3294,"EstratoPredom":"Tres."}},{"type":"Feature","geometry":{"type":"Polygon","coordinates":[[[-75.558511,6.334099],[-75.558555,6.334418],[-75.560078,6.333899],[-75.560783,6.333834],[-75.561239,6.333852],[-75.561357,6.333338],[-75.560678,6.333225],[-75.560531,6.333253],[-75.560323,6.333353],[-75.558462,6.333635],[-75.558511,6.334099]]]},"properties":{"Nombre":"B. Suárez","CodigoPOT":"04-04(25)","codigoDANE":"0404","CodigoCatastro":"025","CodCOMUNA":"04","Extension":0.021,"Poblacion":1002,"EstratoPredom":"Tres."}},{"type":"Feature","geometry":{"type":"Polygon","coordinates":[[[-75.558525,6.333622],[-75.560323,6.333353],[-75.560531,6.333253],[-75.560678,6.333225],[-75.561357,6.333338],[-75.561432,6.332942],[-75.561472,6.33232],[-75.559055,6.332589],[-75.558878,6.331124],[-75.558666,6.330896],[-75.558671,6.330751],[-75.558165,6.33076],[-75.558462,6.333635],[-75.558525,6.333622]]]},"properties":{"Nombre":"B. Central","CodigoPOT":"04-03(24)","codigoDANE":"0403","CodigoCatastro":"027","CodCOMUNA":"04","Extension":0.049,"Poblacion":2760,"EstratoPredom":"Tres."}},{"type":"Feature","geometry":{"type":"Polygon","coordinates":[[[-75.553956,6.333514],[-75.554858,6.33287],[-75.555862,6.332358],[-75.556599,6.332023],[-75.556447,6.331819],[-75.556247,6.331449],[-75.555935,6.330497],[-75.554036,6.331068],[-75.553889,6.331142],[-75.553667,6.331457],[-75.553293,6.331401],[-75.553235,6.331448],[-75.553207,6.331514],[-75.553239,6.331689],[-75.553349,6.331966],[-75.553435,6.33208],[-75.553718,6.332688],[-75.553801,6.333013],[-75.553821,6.333296],[-75.553888,6.333469],[-75.553956,6.333514]]]},"properties":{"Nombre":"B. La Estación","CodigoPOT":"04-18(25)","codigoDANE":"0418","CodigoCatastro":"025","CodCOMUNA":"04","Extension":0.066,"Poblacion":2483,"EstratoPredom":"Tres."}},{"type":"Feature","geometry":{"type":"Polygon","coordinates":[[[-75.541965,6.333199],[-75.542282,6.333161],[-75.542871,6.332956],[-75.544459,6.332268],[-75.545372,6.331759],[-75.545131,6.331468],[-75.544977,6.331346],[-75.544639,6.330921],[-75.544531,6.330729],[-75.544214,6.331024],[-75.544053,6.331118],[-75.543853,6.331198],[-75.543697,6.331194],[-75.542448,6.331015],[-75.542163,6.330881],[-75.541878,6.330613],[-75.541615,6.330573],[-75.541007,6.330643],[-75.540823,6.330695],[-75.540208,6.331215],[-75.53971,6.331507],[-75.539954,6.332049],[-75.539908,6.33211],[-75.540262,6.332731],[-75.540145,6.332903],[-75.540119,6.333062],[-75.540252,6.333111],[-75.540885,6.333179],[-75.541506,6.333152],[-75.541965,6.333199]]]},"properties":{"Nombre":"B. Las Vegas","CodigoPOT":"09-03(24)","codigoDANE":"0903","CodigoCatastro":"024","CodCOMUNA":"09","Extension":0.11,"Poblacion":5478,"EstratoPredom":"Dos."}},{"type":"Feature","geometry":{"type":"Polygon","coordinates":[[[-75.562259,6.332645],[-75.562852,6.3326],[-75.563134,6.33263],[-75.563595,6.332496],[-75.563918,6.332496],[-75.564431,6.332551],[-75.565354,6.332438],[-75.566106,6.332474],[-75.566257,6.332441],[-75.566433,6.332327],[-75.566666,6.332259],[-75.56702,6.332414],[-75.567004,6.331914],[-75.567451,6.331942],[-75.567993,6.331844],[-75.568063,6.331439],[-75.568019,6.330982],[-75.567544,6.330808],[-75.567555,6.330759],[-75.567725,6.330634],[-75.568181,6.330339],[-75.568223,6.330273],[-75.568215,6.33013],[-75.568168,6.330048],[-75.568106,6.33001],[-75.567979,6.329994],[-75.566708,6.329866],[-75.564996,6.329765],[-75.565,6.33026],[-75.564159,6.330298],[-75.562284,6.330287],[-75.562274,6.331608],[-75.562185,6.331739],[-75.561783,6.33201],[-75.561584,6.332191],[-75.561637,6.33237],[-75.561759,6.332568],[-75.56186,6.332635],[-75.562259,6.332645]]]},"properties":{"Nombre":"B. Salento","CodigoPOT":"03-06(21)","codigoDANE":"0306","CodigoCatastro":"017","CodCOMUNA":"03","Extension":0.16,"Poblacion":6795,"EstratoPredom":"Dos y Tres."}},{"type":"Feature","geometry":{"type":"Polygon","coordinates":[[[-75.559269,6.332565],[-75.561472,6.33232],[-75.561584,6.332191],[-75.561534,6.33207],[-75.561438,6.331974],[-75.561052,6.33181],[-75.560391,6.331446],[-75.559844,6.331385],[-75.559573,6.331224],[-75.559517,6.331066],[-75.559559,6.330743],[-75.558671,6.330751],[-75.558666,6.330896],[-75.558878,6.331124],[-75.559055,6.332589],[-75.559269,6.332565]]]},"properties":{"Nombre":"B. Rincón Santo","CodigoPOT":"04-02(23)","codigoDANE":"0402","CodigoCatastro":"018","CodCOMUNA":"04","Extension":0.00091,"Poblacion":2060,"EstratoPredom":"Tres."}},{"type":"Feature","geometry":{"type":"Polygon","coordinates":[[[-75.538071,6.330101],[-75.537454,6.329429],[-75.536826,6.328923],[-75.536516,6.32862],[-75.536364,6.328585],[-75.535947,6.328665],[-75.535812,6.328722],[-75.535919,6.328834],[-75.53604,6.32928],[-75.536002,6.329894],[-75.536038,6.330087],[-75.536472,6.330756],[-75.536519,6.331089],[-75.537009,6.330832],[-75.537137,6.330812],[-75.537215,6.331005],[-75.537174,6.331062],[-75.537352,6.331477],[-75.537311,6.331498],[-75.537562,6.332044],[-75.537888,6.331755],[-75.538597,6.332519],[-75.539283,6.331857],[-75.53971,6.331507],[-75.539987,6.331343],[-75.539912,6.331194],[-75.53982,6.331227],[-75.539664,6.330936],[-75.539498,6.330928],[-75.538797,6.331417],[-75.538743,6.331421],[-75.538691,6.331363],[-75.538823,6.331225],[-75.538868,6.331027],[-75.538792,6.330885],[-75.538071,6.330101]]]},"properties":{"Nombre":"B. Alcalá","CodigoPOT":"09-02(22)","codigoDANE":"0902","CodigoCatastro":"022","CodCOMUNA":"09","Extension":0.051,"Poblacion":2809,"EstratoPredom":"Dos."}},{"type":"Feature","geometry":{"type":"Polygon","coordinates":[[[-75.561584,6.332191],[-75.561783,6.33201],[-75.562185,6.331739],[-75.562292,6.33153],[-75.562271,6.328795],[-75.562202,6.328478],[-75.561203,6.327459],[-75.561119,6.327344],[-75.561034,6.327066],[-75.560971,6.326665],[-75.560984,6.326387],[-75.561093,6.325527],[-75.561177,6.324254],[-75.561132,6.323981],[-75.561003,6.3237],[-75.560559,6.323816],[-75.5601,6.32411],[-75.559946,6.324118],[-75.559648,6.324061],[-75.559538,6.324089],[-75.559294,6.324256],[-75.559107,6.324437],[-75.559041,6.324439],[-75.558708,6.324293],[-75.558584,6.324441],[-75.558487,6.324472],[-75.558341,6.324602],[-75.558002,6.32466],[-75.557922,6.32474],[-75.557886,6.324847],[-75.557796,6.324886],[-75.557665,6.324885],[-75.558039,6.329073],[-75.558172,6.329107],[-75.55875,6.329464],[-75.559141,6.329795],[-75.559336,6.330013],[-75.559562,6.330716],[-75.559517,6.331066],[-75.559573,6.331224],[-75.559844,6.331385],[-75.560391,6.331446],[-75.561052,6.33181],[-75.561438,6.331974],[-75.561534,6.33207],[-75.561584,6.332191]]]},"properties":{"Nombre":"Zona Industrial Nº 1","CodigoPOT":"Sin Codigo","codigoDANE":"Sin Codigo","CodigoCatastro":"015","CodCOMUNA":"03","Extension":0.0025,"Poblacion":109,"EstratoPredom":"No estratificado."}},{"type":"Feature","geometry":{"type":"Polygon","coordinates":[[[-75.558245,6.330756],[-75.559176,6.330755],[-75.559559,6.330743],[-75.559562,6.330716],[-75.559422,6.330218],[-75.559336,6.330013],[-75.559259,6.329915],[-75.55875,6.329464],[-75.558172,6.329107],[-75.558039,6.329073],[-75.558165,6.33076],[-75.558245,6.330756]]]},"properties":{"Nombre":"B. Puerto Bello","CodigoPOT":"04-01(22)","codigoDANE":"0401","CodigoCatastro":"019","CodCOMUNA":"04","Extension":0.00066,"Poblacion":1294,"EstratoPredom":"Tres."}},{"type":"Feature","geometry":{"type":"Polygon","coordinates":[[[-75.564101,6.327967],[-75.564051,6.327986],[-75.563874,6.327755],[-75.563612,6.327868],[-75.56275,6.328363],[-75.563106,6.329088],[-75.56321,6.329415],[-75.563214,6.329475],[-75.563164,6.329497],[-75.562202,6.328478],[-75.562278,6.328921],[-75.562284,6.330287],[-75.564159,6.330298],[-75.565,6.33026],[-75.564958,6.329362],[-75.565497,6.329243],[-75.565637,6.32897],[-75.564474,6.328335],[-75.564173,6.328266],[-75.564101,6.327967]]]},"properties":{"Nombre":"B. Sta. Ana","CodigoPOT":"03-03(18)","codigoDANE":"0303","CodigoCatastro":"016","CodCOMUNA":"03","Extension":0.1,"Poblacion":2298,"EstratoPredom":"Tres."}},{"type":"Feature","geometry":{"type":"Polygon","coordinates":[[[-75.541866,6.329253],[-75.542349,6.32923],[-75.542608,6.329085],[-75.543353,6.328349],[-75.543722,6.327897],[-75.543726,6.327848],[-75.54368,6.327763],[-75.543595,6.32723],[-75.543461,6.327061],[-75.542385,6.326353],[-75.542323,6.326321],[-75.542174,6.326331],[-75.542017,6.326225],[-75.541962,6.326219],[-75.541717,6.326295],[-75.541512,6.326456],[-75.541388,6.326487],[-75.540989,6.326432],[-75.540825,6.32662],[-75.540846,6.32692],[-75.540786,6.327266],[-75.540844,6.327652],[-75.541596,6.32886],[-75.5417,6.329314],[-75.541866,6.329253]]]},"properties":{"Nombre":"Urb. Cinco Estrellas","CodigoPOT":"09-05(72)","codigoDANE":"0905","CodigoCatastro":"072","CodCOMUNA":"09","Extension":0.074,"Poblacion":137,"EstratoPredom":"Dos."}},{"type":"Feature","geometry":{"type":"Polygon","coordinates":[[[-75.554436,6.329189],[-75.554738,6.329145],[-75.555314,6.328913],[-75.555453,6.328916],[-75.556213,6.328788],[-75.556695,6.328802],[-75.557238,6.328954],[-75.558039,6.329073],[-75.557232,6.31974],[-75.55704,6.316927],[-75.557077,6.31497],[-75.55718,6.314091],[-75.557346,6.31347],[-75.557466,6.313156],[-75.557662,6.312729],[-75.55803,6.31214],[-75.557354,6.311885],[-75.55662,6.311543],[-75.556468,6.31146],[-75.556345,6.311344],[-75.555605,6.312326],[-75.555288,6.312958],[-75.555043,6.313556],[-75.554925,6.314094],[-75.554925,6.314727],[-75.555019,6.316947],[-75.554187,6.321029],[-75.553895,6.32309],[-75.55373,6.323877],[-75.553494,6.324567],[-75.553339,6.324873],[-75.552748,6.325712],[-75.552082,6.32658],[-75.551186,6.327932],[-75.551938,6.328233],[-75.552579,6.328559],[-75.553295,6.329037],[-75.553502,6.329113],[-75.554436,6.329189]]]},"properties":{"Nombre":"Zona Industrial No. 1","CodigoPOT":"Sin codigo","codigoDANE":"Sin codigo","CodigoCatastro":"999","CodCOMUNA":"09-10","Extension":3.5,"Poblacion":0,"EstratoPredom":"Sin estratificar."}},{"type":"Feature","geometry":{"type":"Polygon","coordinates":[[[-75.569116,6.32814],[-75.569187,6.328156],[-75.570456,6.327962],[-75.571011,6.327918],[-75.571281,6.327514],[-75.571449,6.327623],[-75.571766,6.327125],[-75.572022,6.327289],[-75.572152,6.327054],[-75.572023,6.326972],[-75.572033,6.326935],[-75.571996,6.326911],[-75.572055,6.326726],[-75.571731,6.326217],[-75.571641,6.326221],[-75.571452,6.326088],[-75.571511,6.326004],[-75.571204,6.325789],[-75.571315,6.32563],[-75.571223,6.325565],[-75.57127,6.325497],[-75.571101,6.325378],[-75.571173,6.325249],[-75.571104,6.325215],[-75.571022,6.325074],[-75.570852,6.324959],[-75.570082,6.325251],[-75.56953,6.325972],[-75.569355,6.325959],[-75.569349,6.326004],[-75.568952,6.326023],[-75.569116,6.32814]]]},"properties":{"Nombre":"Urb.Palmar de Serramonte","CodigoPOT":"Sin codigo","codigoDANE":"Sin codigo","CodigoCatastro":"Sin codigo","CodCOMUNA":"03","Extension":0.071,"Poblacion":0,"EstratoPredom":"Por definir."}},{"type":"Feature","geometry":{"type":"Polygon","coordinates":[[[-75.569103,6.328133],[-75.568949,6.325974],[-75.568201,6.326036],[-75.568096,6.326082],[-75.567963,6.326223],[-75.567446,6.326576],[-75.567446,6.326726],[-75.567557,6.326699],[-75.567624,6.326718],[-75.567836,6.326982],[-75.567789,6.327062],[-75.567608,6.32698],[-75.567192,6.327841],[-75.567474,6.327982],[-75.568402,6.328046],[-75.568412,6.327912],[-75.568338,6.327896],[-75.568352,6.327678],[-75.568473,6.327837],[-75.568689,6.328001],[-75.568917,6.328097],[-75.569103,6.328133]]]},"properties":{"Nombre":"Urb.Serramonte","CodigoPOT":"03-05(20)","codigoDANE":"0305","CodigoCatastro":"075","CodCOMUNA":"03","Extension":0.0092,"Poblacion":2011,"EstratoPredom":"Tres."}},{"type":"Feature","geometry":{"type":"Polygon","coordinates":[[[-75.570259,6.32499],[-75.570718,6.324813],[-75.570677,6.324636],[-75.570603,6.324561],[-75.570602,6.324275],[-75.570575,6.324184],[-75.570532,6.324194],[-75.570534,6.323479],[-75.570514,6.323226],[-75.570423,6.323226],[-75.570421,6.322764],[-75.570204,6.322762],[-75.570109,6.322853],[-75.5697,6.322842],[-75.5697,6.323274],[-75.569774,6.323274],[-75.569815,6.323921],[-75.569742,6.324161],[-75.569742,6.324357],[-75.569675,6.324554],[-75.569897,6.324927],[-75.570164,6.324831],[-75.570259,6.32499]]]},"properties":{"Nombre":"Urb. San Silvestre","CodigoPOT":"Sin Codigo","codigoDANE":"Sin Codigo","CodigoCatastro":"Sin Codigo","CodCOMUNA":"03","Extension":0.00075,"Poblacion":0,"EstratoPredom":"Por Definir."}},{"type":"Feature","geometry":{"type":"Polygon","coordinates":[[[-75.557748,6.324886],[-75.557886,6.324847],[-75.557922,6.32474],[-75.558002,6.32466],[-75.558341,6.324602],[-75.558487,6.324472],[-75.558584,6.324441],[-75.558708,6.324293],[-75.559041,6.324439],[-75.559107,6.324437],[-75.559294,6.324256],[-75.559574,6.324076],[-75.559688,6.324063],[-75.560068,6.324117],[-75.560559,6.323816],[-75.560834,6.323726],[-75.561116,6.323681],[-75.561445,6.323717],[-75.561558,6.323689],[-75.561776,6.323355],[-75.56211,6.323111],[-75.562198,6.322894],[-75.562317,6.322718],[-75.562492,6.322629],[-75.562538,6.322508],[-75.562573,6.322237],[-75.562632,6.322089],[-75.562842,6.321855],[-75.563016,6.321783],[-75.563138,6.321637],[-75.563213,6.321319],[-75.563445,6.320886],[-75.563893,6.320703],[-75.564234,6.320694],[-75.564189,6.320456],[-75.563842,6.320541],[-75.56319,6.320814],[-75.561554,6.32103],[-75.55738,6.321443],[-75.557665,6.324885],[-75.557748,6.324886]]]},"properties":{"Nombre":"B. Sn. José Obrero","CodigoPOT":"02-07(14)","codigoDANE":"0207","CodigoCatastro":"014","CodCOMUNA":"02","Extension":0.18,"Poblacion":3740,"EstratoPredom":"Tres."}},{"type":"Feature","geometry":{"type":"Polygon","coordinates":[[[-75.557511,6.32142],[-75.561554,6.32103],[-75.56319,6.320814],[-75.563968,6.320502],[-75.564489,6.320413],[-75.564991,6.320491],[-75.565097,6.320422],[-75.565155,6.320263],[-75.565283,6.320152],[-75.565064,6.31897],[-75.56386,6.31935],[-75.563737,6.318936],[-75.561463,6.319462],[-75.557862,6.319719],[-75.557232,6.31974],[-75.55738,6.321443],[-75.557511,6.32142]]]},"properties":{"Nombre":"B. La Gran Avenida","CodigoPOT":"02-05(13)","codigoDANE":"0205","CodigoCatastro":"013","CodCOMUNA":"02","Extension":0.15,"Poblacion":7786,"EstratoPredom":"Tres."}},{"type":"Feature","geometry":{"type":"Polygon","coordinates":[[[-75.565446,6.320548],[-75.565572,6.320473],[-75.565672,6.320504],[-75.565762,6.320481],[-75.56591,6.320337],[-75.565997,6.320017],[-75.565988,6.319849],[-75.566252,6.319604],[-75.566339,6.319341],[-75.566435,6.319183],[-75.566455,6.318651],[-75.566552,6.318493],[-75.566648,6.318434],[-75.566704,6.318356],[-75.566759,6.318243],[-75.566743,6.318192],[-75.566814,6.31807],[-75.566956,6.317955],[-75.567227,6.317894],[-75.567282,6.317671],[-75.567416,6.317432],[-75.567618,6.317523],[-75.567723,6.317482],[-75.567664,6.317345],[-75.567485,6.317092],[-75.567564,6.316908],[-75.566967,6.316876],[-75.567014,6.315742],[-75.563986,6.315671],[-75.563727,6.315832],[-75.563657,6.315993],[-75.561934,6.316012],[-75.561883,6.31562],[-75.561049,6.3156],[-75.560594,6.315555],[-75.560455,6.315574],[-75.560431,6.315839],[-75.559489,6.315826],[-75.559498,6.315677],[-75.558417,6.315516],[-75.55839,6.31547],[-75.558162,6.315374],[-75.557347,6.315345],[-75.557343,6.315312],[-75.55707,6.315327],[-75.557052,6.316145],[-75.558511,6.316329],[-75.55857,6.316459],[-75.558683,6.316537],[-75.559374,6.316656],[-75.559267,6.317503],[-75.56049,6.317729],[-75.562212,6.317871],[-75.562691,6.318265],[-75.563593,6.318243],[-75.563737,6.318936],[-75.56386,6.31935],[-75.565064,6.31897],[-75.565277,6.320156],[-75.565446,6.320548]]]},"properties":{"Nombre":"B. La Cabaña","CodigoPOT":"02-03(9)","codigoDANE":"0203","CodigoCatastro":"009","CodCOMUNA":"02","Extension":0.28,"Poblacion":7868,"EstratoPredom":"Tres y Cuatro."}},{"type":"Feature","geometry":{"type":"Polygon","coordinates":[[[-75.557496,6.31974],[-75.561463,6.319462],[-75.562865,6.319154],[-75.563737,6.318936],[-75.563737,6.318904],[-75.563593,6.318243],[-75.562691,6.318265],[-75.562212,6.317871],[-75.56049,6.317729],[-75.559267,6.317503],[-75.559255,6.318062],[-75.559165,6.318086],[-75.558251,6.318172],[-75.557104,6.318064],[-75.557232,6.31974],[-75.557496,6.31974]]]},"properties":{"Nombre":"B. La Florida","CodigoPOT":"02-05(12)","codigoDANE":"0205","CodigoCatastro":"012","CodCOMUNA":"02","Extension":0.12,"Poblacion":3510,"EstratoPredom":"Tres y Cuatro."}},{"type":"Feature","geometry":{"type":"Polygon","coordinates":[[[-75.558251,6.318172],[-75.559255,6.318062],[-75.559245,6.31765],[-75.559374,6.316656],[-75.558683,6.316537],[-75.55857,6.316459],[-75.558511,6.316329],[-75.557052,6.316145],[-75.55704,6.316927],[-75.5571,6.318064],[-75.558251,6.318172]]]},"properties":{"Nombre":"B. La Madera","CodigoPOT":"02-04(10)","codigoDANE":"0204","CodigoCatastro":"010","CodCOMUNA":"02","Extension":0.048,"Poblacion":915,"EstratoPredom":"Tres."}},{"type":"Feature","geometry":{"type":"Polygon","coordinates":[[[-75.585696,6.317434],[-75.5856,6.317376],[-75.585567,6.317319],[-75.585352,6.317222],[-75.585261,6.317148],[-75.584858,6.317025],[-75.58467,6.316929],[-75.584637,6.316888],[-75.584663,6.316775],[-75.584387,6.316223],[-75.584308,6.316129],[-75.584111,6.316038],[-75.584003,6.315703],[-75.58382,6.315533],[-75.583508,6.315104],[-75.583469,6.314399],[-75.583582,6.314104],[-75.583907,6.313952],[-75.584003,6.313946],[-75.584112,6.313805],[-75.584041,6.313693],[-75.584039,6.313553],[-75.583998,6.313464],[-75.583874,6.313308],[-75.583876,6.313217],[-75.58398,6.313022],[-75.583891,6.312876],[-75.583794,6.312828],[-75.58374,6.312625],[-75.583704,6.312602],[-75.58367,6.312633],[-75.583581,6.312594],[-75.58346,6.312393],[-75.583267,6.312188],[-75.583233,6.311938],[-75.58328,6.311594],[-75.583233,6.311508],[-75.583143,6.311439],[-75.583161,6.311311],[-75.583139,6.311218],[-75.583263,6.311137],[-75.583484,6.311133],[-75.583608,6.311158],[-75.583764,6.311238],[-75.584129,6.311312],[-75.58421,6.311265],[-75.584261,6.311283],[-75.584311,6.311254],[-75.584375,6.311116],[-75.584483,6.311035],[-75.584559,6.310918],[-75.584585,6.310792],[-75.584551,6.310661],[-75.584445,6.310537],[-75.584465,6.310277],[-75.584432,6.3102],[-75.584537,6.309939],[-75.584382,6.30962],[-75.584289,6.309544],[-75.58427,6.30948],[-75.584315,6.30936],[-75.584407,6.309365],[-75.584525,6.309312],[-75.584417,6.309324],[-75.58427,6.309243],[-75.584122,6.309222],[-75.583625,6.309288],[-75.583423,6.309191],[-75.583088,6.309365],[-75.582977,6.309379],[-75.582652,6.309329],[-75.582428,6.309223],[-75.582335,6.309123],[-75.582113,6.309096],[-75.582008,6.309025],[-75.581898,6.309038],[-75.581679,6.308928],[-75.580918,6.309237],[-75.580837,6.30929],[-75.580811,6.309376],[-75.580561,6.309503],[-75.58023,6.309569],[-75.580175,6.309646],[-75.58,6.309743],[-75.579783,6.309769],[-75.579586,6.309886],[-75.579427,6.309935],[-75.57929,6.310071],[-75.579085,6.310084],[-75.578827,6.310322],[-75.578829,6.310381],[-75.578797,6.310394],[-75.578606,6.310425],[-75.578463,6.310366],[-75.578158,6.310484],[-75.577986,6.310467],[-75.577809,6.310528],[-75.577678,6.3107],[-75.577513,6.310674],[-75.577365,6.310748],[-75.577241,6.310747],[-75.577227,6.310845],[-75.577058,6.311186],[-75.577001,6.311426],[-75.577025,6.311536],[-75.57716,6.311612],[-75.576941,6.312116],[-75.576843,6.312461],[-75.576655,6.31372],[-75.576698,6.31382],[-75.57657,6.314756],[-75.576556,6.314777],[-75.576273,6.314743],[-75.57592,6.314761],[-75.575968,6.314943],[-75.576178,6.315188],[-75.576318,6.315174],[-75.576537,6.315259],[-75.576627,6.315401],[-75.576712,6.315458],[-75.577089,6.315441],[-75.577245,6.315519],[-75.577606,6.315561],[-75.57772,6.315632],[-75.577897,6.315685],[-75.578162,6.315713],[-75.578288,6.315651],[-75.578497,6.315635],[-75.578746,6.315558],[-75.578823,6.315616],[-75.578965,6.315941],[-75.579052,6.316001],[-75.579172,6.315988],[-75.579347,6.315895],[-75.579509,6.315892],[-75.579803,6.315809],[-75.580108,6.315867],[-75.580177,6.315945],[-75.580202,6.316128],[-75.580267,6.316261],[-75.580608,6.316358],[-75.580822,6.316487],[-75.581,6.316653],[-75.581465,6.316759],[-75.581758,6.316744],[-75.581841,6.316798],[-75.581904,6.316936],[-75.581955,6.316973],[-75.582242,6.317049],[-75.582448,6.317061],[-75.582683,6.316943],[-75.583118,6.316867],[-75.58346,6.316987],[-75.58374,6.317018],[-75.583811,6.317054],[-75.583988,6.317362],[-75.584052,6.317403],[-75.584996,6.31726],[-75.585253,6.317392],[-75.585696,6.317434]]]},"properties":{"Nombre":"B. Paris","CodigoPOT":"01-05(8)","codigoDANE":"0105","CodigoCatastro":"008","CodCOMUNA":"01","Extension":1.05,"Poblacion":10980,"EstratoPredom":"Dos."}},{"type":"Feature","geometry":{"type":"Polygon","coordinates":[[[-75.567565,6.316908],[-75.567636,6.316858],[-75.56792,6.316802],[-75.567867,6.316514],[-75.567886,6.316438],[-75.568245,6.316139],[-75.568295,6.315901],[-75.568277,6.315676],[-75.56854,6.315465],[-75.568722,6.315214],[-75.568759,6.315194],[-75.568885,6.315219],[-75.569162,6.315157],[-75.5695,6.315359],[-75.569593,6.315394],[-75.56985,6.315413],[-75.570061,6.315514],[-75.570135,6.31552],[-75.570329,6.315263],[-75.570367,6.315167],[-75.570351,6.315064],[-75.570232,6.314827],[-75.570256,6.314607],[-75.570369,6.3144],[-75.570492,6.314264],[-75.570617,6.314233],[-75.570763,6.314293],[-75.570973,6.31427],[-75.571172,6.314202],[-75.571415,6.314059],[-75.571691,6.314033],[-75.571758,6.313986],[-75.571795,6.313911],[-75.571851,6.313895],[-75.571976,6.313914],[-75.57211,6.313999],[-75.57235,6.313973],[-75.572506,6.314055],[-75.572832,6.314149],[-75.572932,6.31398],[-75.573068,6.313862],[-75.57314,6.313751],[-75.573258,6.313702],[-75.573008,6.313181],[-75.572068,6.31152],[-75.572006,6.311282],[-75.571985,6.310899],[-75.571828,6.310938],[-75.571737,6.310889],[-75.571638,6.310767],[-75.571612,6.310586],[-75.5715,6.310489],[-75.57141,6.310482],[-75.571182,6.310564],[-75.571028,6.310703],[-75.570863,6.310798],[-75.570289,6.310886],[-75.569806,6.310847],[-75.569692,6.310888],[-75.569341,6.31141],[-75.569282,6.311558],[-75.56911,6.31172],[-75.568962,6.312016],[-75.568751,6.312229],[-75.568513,6.312289],[-75.568243,6.312293],[-75.567892,6.312122],[-75.567783,6.312175],[-75.567763,6.312328],[-75.567484,6.312469],[-75.567368,6.31263],[-75.567179,6.312667],[-75.566857,6.312589],[-75.567329,6.314025],[-75.566296,6.314019],[-75.567014,6.315742],[-75.566967,6.316876],[-75.567565,6.316908]]]},"properties":{"Nombre":"B. Nuevo","CodigoPOT":"02-01(6)","codigoDANE":"0201","CodigoCatastro":"006","CodCOMUNA":"02","Extension":0.26,"Poblacion":8973,"EstratoPredom":"Tres."}},{"type":"Feature","geometry":{"type":"MultiPolygon","coordinates":[[[[-75.545615,6.31273],[-75.546108,6.312811],[-75.546331,6.312954],[-75.546364,6.313051],[-75.546274,6.313186],[-75.546308,6.313456],[-75.546433,6.313697],[-75.546473,6.313865],[-75.54656,6.313995],[-75.546619,6.314187],[-75.546508,6.314843],[-75.546506,6.315179],[-75.546557,6.315363],[-75.546407,6.315544],[-75.546379,6.315681],[-75.546581,6.315995],[-75.546567,6.316129],[-75.546586,6.316262],[-75.54663,6.316328],[-75.546616,6.316403],[-75.547161,6.316508],[-75.547315,6.316019],[-75.547697,6.315421],[-75.549562,6.313657],[-75.549812,6.313347],[-75.550014,6.31289],[-75.5503,6.311595],[-75.550455,6.311298],[-75.550611,6.311138],[-75.550807,6.311016],[-75.551604,6.310761],[-75.551401,6.310626],[-75.550906,6.310499],[-75.550815,6.310434],[-75.550613,6.310128],[-75.550464,6.309796],[-75.55028,6.309853],[-75.550151,6.309778],[-75.550124,6.309687],[-75.550155,6.309399],[-75.549787,6.309697],[-75.549776,6.309856],[-75.549015,6.309802],[-75.548885,6.309707],[-75.548858,6.309645],[-75.548601,6.309759],[-75.548518,6.309874],[-75.548454,6.310254],[-75.548354,6.31045],[-75.547991,6.310765],[-75.5476,6.311167],[-75.547174,6.311482],[-75.547084,6.31149],[-75.546687,6.311226],[-75.546471,6.311153],[-75.546346,6.311019],[-75.546297,6.31088],[-75.546275,6.310465],[-75.546339,6.310243],[-75.546288,6.310146],[-75.546209,6.310126],[-75.54595,6.31018],[-75.545743,6.310152],[-75.545744,6.310192],[-75.545688,6.31022],[-75.54577,6.310328],[-75.545781,6.310437],[-75.545708,6.310545],[-75.545664,6.310552],[-75.545544,6.31033],[-75.545313,6.310079],[-75.544924,6.309849],[-75.54473,6.309767],[-75.544624,6.309762],[-75.544569,6.309498],[-75.544733,6.309474],[-75.54459,6.309493],[-75.544383,6.30939],[-75.544145,6.309362],[-75.544343,6.309463],[-75.544507,6.309877],[-75.544669,6.310052],[-75.544771,6.310127],[-75.544767,6.310089],[-75.544818,6.310052],[-75.544981,6.3101],[-75.545073,6.310181],[-75.545135,6.310297],[-75.545277,6.310327],[-75.545363,6.310437],[-75.545362,6.310735],[-75.545239,6.310971],[-75.545264,6.311062],[-75.545215,6.311376],[-75.545343,6.311597],[-75.545214,6.311727],[-75.545247,6.311806],[-75.54531,6.312512],[-75.545159,6.312598],[-75.545105,6.312679],[-75.545322,6.312686],[-75.545517,6.312759],[-75.545615,6.31273]]],[[[-75.548916,6.309618],[-75.548975,6.30958],[-75.548987,6.309566],[-75.548916,6.309618]]],[[[-75.54902,6.30938],[-75.549035,6.309442],[-75.548993,6.309559],[-75.549041,6.309473],[-75.549015,6.309332],[-75.548717,6.309363],[-75.548134,6.309189],[-75.547754,6.309191],[-75.547089,6.309278],[-75.54809,6.309193],[-75.548764,6.309382],[-75.549002,6.309347],[-75.54902,6.30938]]],[[[-75.54609,6.309545],[-75.546441,6.309546],[-75.546859,6.309494],[-75.546148,6.309536],[-75.545842,6.309488],[-75.545569,6.309366],[-75.545403,6.309394],[-75.545243,6.309467],[-75.545419,6.309394],[-75.545551,6.309376],[-75.545729,6.309468],[-75.54609,6.309545]]],[[[-75.545025,6.309531],[-75.545115,6.309543],[-75.54517,6.30951],[-75.545022,6.309518],[-75.544916,6.309424],[-75.544802,6.30943],[-75.544915,6.309434],[-75.544971,6.309512],[-75.545025,6.309531]]],[[[-75.547031,6.309307],[-75.546976,6.309342],[-75.547086,6.309279],[-75.547031,6.309307]]]]},"properties":{"Nombre":" ","CodigoPOT":" ","codigoDANE":" ","CodigoCatastro":" ","CodCOMUNA":" ","Extension":0,"Poblacion":0,"EstratoPredom":" "}},{"type":"Feature","geometry":{"type":"Polygon","coordinates":[[[-75.562136,6.316011],[-75.563657,6.315993],[-75.563727,6.315832],[-75.563986,6.315671],[-75.567014,6.315742],[-75.566296,6.314019],[-75.567329,6.314025],[-75.566857,6.312589],[-75.566782,6.312599],[-75.566601,6.312745],[-75.56616,6.312823],[-75.565972,6.312824],[-75.565828,6.312652],[-75.565524,6.312547],[-75.56508,6.312208],[-75.564777,6.31213],[-75.564514,6.311913],[-75.564329,6.311877],[-75.564123,6.311899],[-75.563885,6.312041],[-75.563342,6.312001],[-75.56311,6.312062],[-75.562985,6.312063],[-75.562481,6.311922],[-75.562232,6.312012],[-75.561901,6.31196],[-75.561748,6.312003],[-75.561495,6.31215],[-75.561377,6.312145],[-75.561051,6.311948],[-75.560594,6.31208],[-75.560273,6.312021],[-75.560017,6.312156],[-75.559767,6.312094],[-75.559538,6.312092],[-75.559261,6.311993],[-75.559076,6.311996],[-75.558884,6.312052],[-75.558666,6.312258],[-75.558262,6.312253],[-75.558171,6.312233],[-75.55803,6.31214],[-75.557662,6.312729],[-75.557439,6.313219],[-75.557295,6.313638],[-75.557134,6.314367],[-75.557088,6.314751],[-75.55707,6.315327],[-75.557343,6.315312],[-75.557347,6.315345],[-75.558162,6.315374],[-75.55839,6.31547],[-75.558417,6.315516],[-75.559498,6.315677],[-75.559489,6.315826],[-75.560431,6.315839],[-75.560455,6.315574],[-75.560594,6.315555],[-75.561049,6.3156],[-75.561883,6.31562],[-75.561934,6.316012],[-75.562136,6.316011]]]},"properties":{"Nombre":"B. La Cabañita","CodigoPOT":"02-02(5)","codigoDANE":"0202","CodigoCatastro":"005","CodCOMUNA":"02","Extension":0.41,"Poblacion":9427,"EstratoPredom":"Tres y Cuatro."}},{"type":"Feature","geometry":{"type":"Polygon","coordinates":[[[-75.575674,6.315341],[-75.576178,6.315188],[-75.575968,6.314943],[-75.57592,6.314761],[-75.576273,6.314743],[-75.576556,6.314777],[-75.57657,6.314756],[-75.576698,6.31382],[-75.576655,6.31372],[-75.576843,6.312461],[-75.576941,6.312116],[-75.57716,6.311612],[-75.577025,6.311536],[-75.577001,6.311426],[-75.577058,6.311186],[-75.577227,6.310845],[-75.577241,6.310747],[-75.577151,6.310704],[-75.577037,6.310722],[-75.576726,6.310917],[-75.576634,6.311144],[-75.576475,6.311198],[-75.576101,6.311111],[-75.575859,6.310885],[-75.575804,6.310914],[-75.575758,6.310996],[-75.575685,6.311016],[-75.575425,6.31085],[-75.575022,6.310786],[-75.574755,6.310824],[-75.574545,6.310718],[-75.574452,6.310746],[-75.57434,6.31072],[-75.574186,6.310734],[-75.574064,6.310673],[-75.573875,6.310679],[-75.573734,6.310807],[-75.573525,6.310809],[-75.57334,6.310709],[-75.572947,6.310708],[-75.572816,6.310604],[-75.57274,6.310601],[-75.572553,6.310704],[-75.572342,6.310661],[-75.572279,6.310679],[-75.572046,6.310897],[-75.571985,6.310899],[-75.572006,6.311282],[-75.572068,6.31152],[-75.573008,6.313181],[-75.573258,6.313702],[-75.573337,6.313711],[-75.573564,6.313823],[-75.573818,6.313822],[-75.574024,6.314024],[-75.57416,6.31424],[-75.57431,6.314328],[-75.574557,6.314332],[-75.574782,6.314389],[-75.574976,6.314297],[-75.575156,6.314331],[-75.575226,6.31449],[-75.575372,6.314564],[-75.575485,6.314691],[-75.575478,6.314871],[-75.575531,6.315109],[-75.575479,6.315205],[-75.575488,6.315286],[-75.575539,6.315338],[-75.575674,6.315341]]]},"properties":{"Nombre":"B. La Maruchenga","CodigoPOT":"01-07(7)","codigoDANE":"0107","CodigoCatastro":"007","CodCOMUNA":"01","Extension":0.18,"Poblacion":3910,"EstratoPredom":"Uno y Dos."}},{"type":"Feature","geometry":{"type":"Polygon","coordinates":[[[-75.551506,6.310691],[-75.552008,6.310564],[-75.555181,6.309528],[-75.555677,6.309537],[-75.556193,6.309668],[-75.55677,6.309662],[-75.556422,6.30958],[-75.556278,6.309495],[-75.55596,6.309132],[-75.555864,6.308934],[-75.555758,6.308807],[-75.555336,6.308521],[-75.555191,6.308265],[-75.554946,6.308065],[-75.554627,6.308004],[-75.553489,6.30757],[-75.553036,6.307444],[-75.552837,6.307422],[-75.552305,6.307492],[-75.552143,6.307467],[-75.552042,6.307193],[-75.551915,6.307097],[-75.551771,6.30704],[-75.551601,6.307023],[-75.551492,6.307061],[-75.551044,6.307042],[-75.550815,6.307072],[-75.550758,6.307012],[-75.550674,6.306771],[-75.550584,6.306655],[-75.550537,6.306837],[-75.55038,6.308703],[-75.550359,6.308767],[-75.55028,6.30883],[-75.54992,6.308873],[-75.550131,6.309031],[-75.550295,6.309343],[-75.550269,6.309353],[-75.550255,6.309321],[-75.550155,6.309399],[-75.550124,6.309694],[-75.550166,6.309798],[-75.550289,6.309853],[-75.550464,6.309796],[-75.550687,6.310259],[-75.550858,6.310468],[-75.551401,6.310626],[-75.551506,6.310691]]]},"properties":{"Nombre":"B. Zamora","CodigoPOT":"10-03(3)","codigoDANE":"1003","CodigoCatastro":"003","CodCOMUNA":"10","Extension":0.16,"Poblacion":6364,"EstratoPredom":"Dos."}},{"type":"Feature","geometry":{"type":"Polygon","coordinates":[[[-75.549015,6.309332],[-75.549041,6.309473],[-75.548975,6.30958],[-75.548858,6.309645],[-75.548885,6.309707],[-75.549015,6.309802],[-75.54957,6.309858],[-75.549776,6.309856],[-75.549804,6.30968],[-75.550255,6.309321],[-75.550269,6.309353],[-75.550295,6.309343],[-75.550215,6.309162],[-75.550035,6.308939],[-75.54992,6.308873],[-75.549634,6.308795],[-75.549424,6.308846],[-75.549015,6.309332]]]},"properties":{"Nombre":"B. Alpes del Norte","CodigoPOT":"10-04(2)","codigoDANE":"1004","CodigoCatastro":"002","CodCOMUNA":"10","Extension":0.011,"Poblacion":473,"EstratoPredom":"Dos."}},{"type":"Feature","geometry":{"type":"Polygon","coordinates":[[[-75.546204,6.30954],[-75.546843,6.309502],[-75.546987,6.309324],[-75.547101,6.309272],[-75.547877,6.309181],[-75.548134,6.309189],[-75.548689,6.309357],[-75.548905,6.309361],[-75.549015,6.309332],[-75.549357,6.308907],[-75.549476,6.308818],[-75.549634,6.308795],[-75.549979,6.308879],[-75.55032,6.308804],[-75.55038,6.308703],[-75.550537,6.306837],[-75.550584,6.306655],[-75.55038,6.306512],[-75.550214,6.306544],[-75.550047,6.306499],[-75.549955,6.306552],[-75.549798,6.306745],[-75.549623,6.306736],[-75.549538,6.306645],[-75.54947,6.306472],[-75.549264,6.306347],[-75.549083,6.306037],[-75.548903,6.305962],[-75.548775,6.306145],[-75.548704,6.306158],[-75.548643,6.306114],[-75.548601,6.306004],[-75.548633,6.305814],[-75.548612,6.305766],[-75.548403,6.305875],[-75.548308,6.306019],[-75.548031,6.305862],[-75.547974,6.305734],[-75.547555,6.305715],[-75.54727,6.305467],[-75.547107,6.305479],[-75.546992,6.305444],[-75.546786,6.305593],[-75.546728,6.305596],[-75.546461,6.305485],[-75.546356,6.305484],[-75.546144,6.30554],[-75.546068,6.30568],[-75.545911,6.305619],[-75.54577,6.305635],[-75.545722,6.305699],[-75.545673,6.305888],[-75.545358,6.306088],[-75.545176,6.30616],[-75.54501,6.306646],[-75.544943,6.306641],[-75.54486,6.30687],[-75.544642,6.306791],[-75.544644,6.306765],[-75.544353,6.306684],[-75.544282,6.306741],[-75.544237,6.306862],[-75.544366,6.306939],[-75.544281,6.307061],[-75.544342,6.307095],[-75.544332,6.307126],[-75.544255,6.307126],[-75.544334,6.307489],[-75.544244,6.307468],[-75.544157,6.307657],[-75.544243,6.307717],[-75.544159,6.30787],[-75.544135,6.30787],[-75.544135,6.307826],[-75.544095,6.307823],[-75.544099,6.307875],[-75.544062,6.307902],[-75.544085,6.30797],[-75.544139,6.307962],[-75.544117,6.308073],[-75.544193,6.308085],[-75.544211,6.307991],[-75.54425,6.307976],[-75.544334,6.308053],[-75.544307,6.308134],[-75.544463,6.308203],[-75.544428,6.308238],[-75.544437,6.308359],[-75.544411,6.308408],[-75.544378,6.308394],[-75.544354,6.308453],[-75.544336,6.308443],[-75.544299,6.308536],[-75.544337,6.308554],[-75.54431,6.308648],[-75.544356,6.30866],[-75.54431,6.308796],[-75.544221,6.308773],[-75.54421,6.30881],[-75.544174,6.3088],[-75.544097,6.308999],[-75.544016,6.308987],[-75.543979,6.309207],[-75.544093,6.309238],[-75.544063,6.309347],[-75.544383,6.30939],[-75.54459,6.309493],[-75.544733,6.309474],[-75.544837,6.309411],[-75.544916,6.309424],[-75.545022,6.309518],[-75.545135,6.309526],[-75.545403,6.309394],[-75.545569,6.309366],[-75.545842,6.309488],[-75.546204,6.30954]]]},"properties":{"Nombre":"B. Sta. Rita","CodigoPOT":"10-05(1)","codigoDANE":"1005","CodigoCatastro":"001","CodCOMUNA":"10","Extension":0.28,"Poblacion":7945,"EstratoPredom":"Uno."}},{"type":"Feature","geometry":{"type":"Polygon","coordinates":[[[-75.572758,6.36224],[-75.572747,6.362265],[-75.572914,6.362064],[-75.573132,6.361891],[-75.573333,6.361888],[-75.573387,6.361861],[-75.573476,6.361721],[-75.573784,6.361573],[-75.574136,6.360975],[-75.574435,6.360753],[-75.574384,6.360643],[-75.574404,6.360399],[-75.574271,6.36027],[-75.57404,6.360248],[-75.573862,6.360286],[-75.573792,6.360241],[-75.573658,6.359971],[-75.573705,6.359796],[-75.573681,6.35966],[-75.573745,6.359162],[-75.573443,6.358973],[-75.573309,6.358779],[-75.573218,6.358703],[-75.573194,6.35851],[-75.573105,6.358459],[-75.573069,6.3584],[-75.573073,6.358147],[-75.571347,6.358234],[-75.571077,6.358127],[-75.570886,6.358155],[-75.570907,6.358302],[-75.570831,6.358474],[-75.570795,6.35872],[-75.570526,6.359257],[-75.570539,6.359431],[-75.570439,6.359717],[-75.570512,6.359851],[-75.570482,6.359957],[-75.570645,6.360332],[-75.570638,6.360383],[-75.570741,6.360415],[-75.570812,6.360548],[-75.570977,6.360601],[-75.571163,6.36078],[-75.571581,6.360918],[-75.571772,6.361167],[-75.572199,6.361602],[-75.572586,6.361657],[-75.57263,6.361752],[-75.572642,6.362017],[-75.572731,6.362073],[-75.572758,6.36224]]]},"properties":{"Nombre":"Urb.Girasoles","CodigoPOT":"Sin codigo","codigoDANE":"Sin codigo","CodigoCatastro":"Sin codigo","CodCOMUNA":"06","Extension":0.151,"Poblacion":0,"EstratoPredom":"Por definir."}},{"type":"Feature","geometry":{"type":"Polygon","coordinates":[[[-75.557948,6.350475],[-75.557749,6.351248],[-75.557631,6.351268],[-75.557493,6.351242],[-75.557342,6.351051],[-75.556614,6.350953],[-75.556444,6.350881],[-75.556313,6.350893],[-75.556183,6.350818],[-75.555995,6.350778],[-75.555533,6.350385],[-75.555329,6.350174],[-75.555278,6.350067],[-75.555268,6.349812],[-75.5553,6.349679],[-75.555426,6.349446],[-75.555432,6.349231],[-75.555353,6.349132],[-75.555329,6.349254],[-75.555209,6.349324],[-75.555037,6.349504],[-75.554958,6.349563],[-75.554815,6.349552],[-75.554753,6.349612],[-75.554642,6.349771],[-75.554681,6.34997],[-75.554663,6.350034],[-75.554603,6.350041],[-75.554502,6.349992],[-75.554395,6.350053],[-75.554392,6.350127],[-75.554471,6.350254],[-75.554483,6.350354],[-75.554419,6.35041],[-75.55427,6.350431],[-75.554204,6.350487],[-75.554186,6.350582],[-75.554246,6.350704],[-75.554206,6.350894],[-75.553957,6.35097],[-75.553869,6.35081],[-75.553676,6.350654],[-75.553601,6.350699],[-75.553562,6.350829],[-75.55369,6.350981],[-75.553756,6.35117],[-75.553655,6.351229],[-75.553365,6.350922],[-75.553222,6.351008],[-75.553204,6.3511],[-75.553327,6.351197],[-75.553336,6.351236],[-75.553186,6.351451],[-75.552925,6.351629],[-75.552937,6.351713],[-75.55309,6.351895],[-75.553073,6.351937],[-75.552793,6.352052],[-75.5529,6.352084],[-75.552941,6.352049],[-75.553093,6.352021],[-75.553138,6.351861],[-75.553064,6.351783],[-75.553075,6.351747],[-75.553222,6.351634],[-75.553378,6.351567],[-75.553417,6.351502],[-75.553488,6.351462],[-75.55365,6.351578],[-75.553924,6.351503],[-75.554189,6.351547],[-75.554491,6.351319],[-75.555004,6.350687],[-75.555215,6.350615],[-75.555513,6.350916],[-75.555734,6.351055],[-75.555739,6.351023],[-75.555835,6.351076],[-75.55618,6.35109],[-75.55622,6.351125],[-75.556315,6.351302],[-75.556459,6.351724],[-75.556668,6.352032],[-75.556607,6.352113],[-75.556588,6.352247],[-75.556686,6.352311],[-75.556787,6.352324],[-75.556823,6.352382],[-75.556827,6.352852],[-75.55692,6.353128],[-75.556872,6.353357],[-75.556908,6.353619],[-75.556946,6.353425],[-75.557098,6.353375],[-75.557214,6.353248],[-75.557283,6.353121],[-75.557333,6.352822],[-75.557385,6.352784],[-75.557455,6.352764],[-75.557557,6.352946],[-75.557619,6.35316],[-75.557696,6.353114],[-75.557808,6.353113],[-75.558133,6.353031],[-75.55821,6.352928],[-75.558185,6.352907],[-75.558248,6.352888],[-75.558358,6.35304],[-75.558497,6.353024],[-75.558438,6.353191],[-75.558435,6.353304],[-75.558517,6.353344],[-75.558594,6.353336],[-75.558712,6.35343],[-75.558686,6.35349],[-75.558705,6.353554],[-75.558622,6.353664],[-75.558657,6.353831],[-75.558561,6.35417],[-75.558716,6.354038],[-75.558738,6.353957],[-75.558836,6.353955],[-75.558977,6.353731],[-75.559092,6.353662],[-75.55916,6.35331],[-75.559045,6.352964],[-75.559254,6.353129],[-75.559315,6.353034],[-75.559419,6.353015],[-75.559436,6.353127],[-75.559524,6.353183],[-75.559547,6.353283],[-75.559513,6.353419],[-75.559542,6.35355],[-75.559461,6.353838],[-75.559588,6.354067],[-75.559626,6.35403],[-75.559659,6.353775],[-75.559817,6.353716],[-75.559985,6.353506],[-75.560094,6.353307],[-75.560302,6.353062],[-75.560366,6.353298],[-75.560522,6.353486],[-75.560827,6.353576],[-75.560774,6.353924],[-75.561068,6.353738],[-75.561288,6.353835],[-75.561504,6.354099],[-75.561493,6.354219],[-75.561383,6.354362],[-75.561302,6.354728],[-75.561322,6.355176],[-75.561432,6.355149],[-75.561569,6.354997],[-75.561767,6.355044],[-75.561916,6.354905],[-75.56201,6.354747],[-75.562034,6.354577],[-75.562126,6.354534],[-75.562184,6.35445],[-75.5623,6.354232],[-75.562348,6.354035],[-75.562404,6.353986],[-75.562676,6.354386],[-75.562687,6.354502],[-75.562652,6.354698],[-75.562749,6.354801],[-75.562716,6.354673],[-75.562734,6.354642],[-75.562867,6.354481],[-75.563064,6.354409],[-75.563268,6.354447],[-75.5634,6.354588],[-75.563813,6.354777],[-75.56388,6.354933],[-75.563854,6.355157],[-75.563768,6.355287],[-75.563715,6.355476],[-75.563799,6.355662],[-75.563961,6.355819],[-75.564005,6.355969],[-75.564111,6.356079],[-75.564072,6.356188],[-75.564096,6.35652],[-75.564215,6.356663],[-75.564401,6.356767],[-75.564681,6.356856],[-75.564768,6.356763],[-75.564823,6.356774],[-75.564969,6.356877],[-75.565032,6.357013],[-75.565104,6.356918],[-75.565427,6.356872],[-75.565596,6.356563],[-75.565524,6.356324],[-75.565723,6.356306],[-75.56583,6.356261],[-75.565938,6.356152],[-75.565999,6.356023],[-75.566187,6.35634],[-75.566213,6.356465],[-75.566156,6.356718],[-75.566048,6.356904],[-75.56596,6.35716],[-75.566302,6.356992],[-75.56648,6.356862],[-75.566754,6.356571],[-75.566815,6.356408],[-75.567249,6.35648],[-75.567567,6.35646],[-75.567696,6.356525],[-75.567749,6.356574],[-75.567765,6.356657],[-75.56778,6.356782],[-75.567719,6.356927],[-75.5678,6.357145],[-75.567928,6.357018],[-75.568101,6.356936],[-75.568313,6.357019],[-75.568534,6.357053],[-75.568447,6.3568],[-75.568402,6.356777],[-75.568341,6.356653],[-75.568297,6.356329],[-75.568208,6.356101],[-75.56822,6.355725],[-75.568322,6.355511],[-75.568282,6.355129],[-75.568447,6.354679],[-75.568422,6.354533],[-75.568488,6.354345],[-75.568402,6.354026],[-75.568112,6.354111],[-75.567547,6.354401],[-75.567467,6.354319],[-75.567323,6.354371],[-75.567211,6.35448],[-75.567181,6.354602],[-75.567213,6.354834],[-75.566382,6.35495],[-75.5665,6.354615],[-75.566477,6.35419],[-75.566199,6.353717],[-75.565991,6.353717],[-75.565865,6.353487],[-75.565643,6.35351],[-75.565487,6.353584],[-75.565324,6.353547],[-75.565274,6.353399],[-75.564939,6.35305],[-75.56482,6.352798],[-75.564768,6.352538],[-75.564894,6.35239],[-75.564961,6.352197],[-75.564797,6.352032],[-75.564687,6.352137],[-75.564501,6.352125],[-75.564187,6.351744],[-75.56416,6.351144],[-75.563968,6.350824],[-75.563335,6.351039],[-75.563243,6.351282],[-75.562909,6.351282],[-75.562646,6.351131],[-75.562482,6.351085],[-75.56245,6.351262],[-75.562259,6.35161],[-75.56184,6.351456],[-75.561477,6.351374],[-75.56134,6.351567],[-75.56157,6.351625],[-75.563394,6.352394],[-75.562748,6.35398],[-75.560431,6.353032],[-75.560489,6.352861],[-75.559655,6.352513],[-75.559588,6.35266],[-75.559559,6.352647],[-75.559439,6.352907],[-75.559299,6.352843],[-75.559383,6.352662],[-75.55894,6.352459],[-75.559916,6.350339],[-75.560359,6.350544],[-75.560448,6.350372],[-75.55997,6.350212],[-75.559698,6.350218],[-75.559392,6.350112],[-75.559248,6.35029],[-75.559159,6.350468],[-75.558916,6.350749],[-75.558565,6.350831],[-75.558347,6.350841],[-75.558152,6.350768],[-75.558197,6.350535],[-75.557948,6.350475]]]},"properties":{"Nombre":"Zona sin desarrollar.","CodigoPOT":"Sin codigo","codigoDANE":"Sin codigo","CodigoCatastro":"999","CodCOMUNA":"05","Extension":2.05,"Poblacion":0,"EstratoPredom":"Sin estratificar."}},{"type":"Feature","geometry":{"type":"Polygon","coordinates":[[[-75.564187,6.351744],[-75.564501,6.352125],[-75.564687,6.352137],[-75.56485,6.351982],[-75.564924,6.351759],[-75.565228,6.351582],[-75.56546,6.35155],[-75.565546,6.351696],[-75.565738,6.351642],[-75.565382,6.35068],[-75.565232,6.350737],[-75.565216,6.350577],[-75.565095,6.350379],[-75.564944,6.350238],[-75.564797,6.349911],[-75.564733,6.349982],[-75.564462,6.350103],[-75.56426,6.350254],[-75.564248,6.350343],[-75.564362,6.35055],[-75.564299,6.350674],[-75.564226,6.350763],[-75.563968,6.350824],[-75.56416,6.351144],[-75.564187,6.351744]]]},"properties":{"Nombre":"asentamiento de Hecho La Sonora","CodigoPOT":"Sin codigo","codigoDANE":"Sin codigo","CodigoCatastro":"999","CodCOMUNA":"05","Extension":2.05,"Poblacion":0,"EstratoPredom":"Sin estratificar."}},{"type":"Feature","geometry":{"type":"Polygon","coordinates":[[[-75.566477,6.35419],[-75.5665,6.354615],[-75.566382,6.35495],[-75.567213,6.354834],[-75.567181,6.354602],[-75.567211,6.35448],[-75.567283,6.354412],[-75.567235,6.354209],[-75.567158,6.354121],[-75.566964,6.354149],[-75.566803,6.353552],[-75.566698,6.35358],[-75.566654,6.353413],[-75.566369,6.353087],[-75.566347,6.352827],[-75.566405,6.35263],[-75.565738,6.351642],[-75.565546,6.351696],[-75.56546,6.35155],[-75.565228,6.351582],[-75.564924,6.351759],[-75.56485,6.351982],[-75.564797,6.352032],[-75.564961,6.352197],[-75.564894,6.35239],[-75.564768,6.352538],[-75.56482,6.352798],[-75.564939,6.35305],[-75.565274,6.353399],[-75.565324,6.353547],[-75.565487,6.353584],[-75.565643,6.35351],[-75.565865,6.353487],[-75.565991,6.353717],[-75.566199,6.353717],[-75.566477,6.35419]]]},"properties":{"Nombre":"Asentamiento de Hecho El Cafetal","CodigoPOT":"Sin codigo","codigoDANE":"Sin codigo","CodigoCatastro":"999","CodCOMUNA":"05","Extension":2.05,"Poblacion":0,"EstratoPredom":"Sin estratificar."}},{"type":"Feature","geometry":{"type":"Polygon","coordinates":[[[-75.558617,6.349051],[-75.558293,6.349215],[-75.557948,6.350475],[-75.558197,6.350535],[-75.558152,6.350768],[-75.558347,6.350841],[-75.558565,6.350831],[-75.558916,6.350749],[-75.559159,6.350468],[-75.559248,6.35029],[-75.559595,6.349903],[-75.559678,6.349708],[-75.559706,6.349524],[-75.559942,6.349179],[-75.560145,6.349041],[-75.560357,6.349059],[-75.560519,6.348643],[-75.560615,6.348617],[-75.560628,6.348423],[-75.560799,6.347974],[-75.560961,6.347264],[-75.560567,6.347208],[-75.560585,6.34736],[-75.560533,6.347868],[-75.560456,6.34807],[-75.560228,6.34833],[-75.560165,6.348604],[-75.559909,6.348695],[-75.559795,6.348808],[-75.559706,6.348825],[-75.559567,6.348747],[-75.559371,6.348736],[-75.559267,6.349012],[-75.559004,6.348946],[-75.558834,6.349032],[-75.558617,6.349051]]]},"properties":{"Nombre":"Asentamiento de Hecho Merizalde","CodigoPOT":"Sin codigo","codigoDANE":"Sin codigo","CodigoCatastro":"999","CodCOMUNA":"05","Extension":2.05,"Poblacion":0,"EstratoPredom":"Sin estratificar."}},{"type":"Feature","geometry":{"type":"Polygon","coordinates":[[[-75.557176,6.34772],[-75.557024,6.34743],[-75.556907,6.347353],[-75.556724,6.34732],[-75.556712,6.347361],[-75.556656,6.347388],[-75.556636,6.347354],[-75.556546,6.347405],[-75.55648,6.347391],[-75.5564,6.347603],[-75.556152,6.347823],[-75.555936,6.347934],[-75.555872,6.348114],[-75.555708,6.348157],[-75.555488,6.348113],[-75.555442,6.348376],[-75.55525,6.348637],[-75.555102,6.3487],[-75.554824,6.348679],[-75.554767,6.3487],[-75.55453,6.348942],[-75.554316,6.349031],[-75.554327,6.349334],[-75.554195,6.349382],[-75.554201,6.349433],[-75.554101,6.349615],[-75.554033,6.349654],[-75.553841,6.35002],[-75.554035,6.350166],[-75.554465,6.350379],[-75.554488,6.350329],[-75.554392,6.350127],[-75.554395,6.350053],[-75.554502,6.349992],[-75.554603,6.350041],[-75.554663,6.350034],[-75.554681,6.34997],[-75.554642,6.349771],[-75.554797,6.34956],[-75.554975,6.349553],[-75.555209,6.349324],[-75.555329,6.349254],[-75.555351,6.349075],[-75.555422,6.349023],[-75.555607,6.349006],[-75.555742,6.348914],[-75.555937,6.348931],[-75.555906,6.34875],[-75.556046,6.34849],[-75.556176,6.34854],[-75.556257,6.348629],[-75.556324,6.348619],[-75.556343,6.348369],[-75.556399,6.348244],[-75.556369,6.348103],[-75.55645,6.34808],[-75.556489,6.348101],[-75.556596,6.348328],[-75.556672,6.348364],[-75.556745,6.348333],[-75.55694,6.348029],[-75.556844,6.3478],[-75.556923,6.347622],[-75.557009,6.34765],[-75.557122,6.347749],[-75.557176,6.34772]]]},"properties":{"Nombre":"asentamiento de Hecho Chagualones","CodigoPOT":"07-03(61)","codigoDANE":"0703","CodigoCatastro":"061","CodCOMUNA":"07","Extension":0.769,"Poblacion":29862,"EstratoPredom":"Uno y dos."}},{"type":"Feature","geometry":{"type":"Polygon","coordinates":[[[-75.550869,6.350168],[-75.551043,6.349886],[-75.551088,6.349663],[-75.551082,6.349446],[-75.550986,6.349371],[-75.550923,6.349364],[-75.550621,6.349433],[-75.550571,6.349412],[-75.55049,6.349078],[-75.550405,6.349078],[-75.55036,6.348955],[-75.550262,6.348931],[-75.550072,6.349068],[-75.549979,6.349245],[-75.54998,6.34936],[-75.549938,6.349383],[-75.549501,6.348816],[-75.549214,6.348957],[-75.549088,6.349085],[-75.548892,6.349109],[-75.548977,6.349273],[-75.54897,6.349598],[-75.548939,6.349617],[-75.548533,6.34949],[-75.548437,6.34965],[-75.548403,6.349834],[-75.54827,6.349834],[-75.548384,6.350056],[-75.548356,6.350228],[-75.548395,6.350722],[-75.548644,6.351178],[-75.548667,6.351085],[-75.548944,6.350953],[-75.549049,6.350812],[-75.549255,6.350842],[-75.549321,6.350949],[-75.5494,6.350997],[-75.54943,6.350986],[-75.549527,6.350785],[-75.549478,6.350656],[-75.549516,6.350604],[-75.5495,6.350555],[-75.549571,6.350508],[-75.549933,6.350638],[-75.550044,6.350602],[-75.549984,6.35056],[-75.550095,6.350529],[-75.55018,6.350394],[-75.55025,6.350244],[-75.550281,6.349915],[-75.550348,6.349849],[-75.550441,6.349832],[-75.550576,6.349857],[-75.550726,6.34994],[-75.550763,6.350016],[-75.550736,6.350065],[-75.550869,6.350168]]]},"properties":{"Nombre":"Asentamiento de Hecho El Tanque","CodigoPOT":"07-03(61)","codigoDANE":"0703","CodigoCatastro":"061","CodCOMUNA":"07","Extension":0.769,"Poblacion":29862,"EstratoPredom":"Uno y dos."}},{"type":"Feature","geometry":{"type":"Polygon","coordinates":[[[-75.540959,6.340337],[-75.541056,6.34072],[-75.541122,6.340778],[-75.541206,6.340787],[-75.545363,6.339655],[-75.545024,6.338399],[-75.544993,6.338406],[-75.544935,6.33831],[-75.54481,6.338215],[-75.544661,6.338189],[-75.544305,6.338293],[-75.544038,6.338318],[-75.543669,6.338455],[-75.543154,6.338442],[-75.540664,6.339117],[-75.540634,6.339181],[-75.540959,6.340337]]]},"properties":{"Nombre":"Zona Comercial Puerta del Norte I y II","CodigoPOT":"Sin codigo","codigoDANE":"Sin codigo","CodigoCatastro":"Sin codigo","CodCOMUNA":"08","Extension":0.515,"Poblacion":0,"EstratoPredom":"Por definir."}},{"type":"Feature","geometry":{"type":"Polygon","coordinates":[[[-75.539264,6.345486],[-75.538951,6.345876],[-75.538921,6.346022],[-75.538952,6.346093],[-75.538969,6.346079],[-75.539293,6.346473],[-75.539274,6.346489],[-75.539523,6.346765],[-75.539612,6.346993],[-75.539618,6.347237],[-75.541224,6.346915],[-75.541767,6.346864],[-75.5418,6.346828],[-75.541815,6.346671],[-75.541734,6.34643],[-75.541769,6.346315],[-75.539264,6.345486]]]},"properties":{"Nombre":"Urb.Mirador de San Basilio","CodigoPOT":"Sin codigo","codigoDANE":"Sin codigo","CodigoCatastro":"Sin codigo","CodCOMUNA":"08","Extension":1.28,"Poblacion":0,"EstratoPredom":"Sin definir."}},{"type":"Feature","geometry":{"type":"Polygon","coordinates":[[[-75.539549,6.344199],[-75.539576,6.344871],[-75.539528,6.345051],[-75.5394,6.345257],[-75.539215,6.345469],[-75.54101,6.346063],[-75.541356,6.345009],[-75.541353,6.344762],[-75.541458,6.344783],[-75.541697,6.344106],[-75.541751,6.343908],[-75.541686,6.343633],[-75.539549,6.344199]]]},"properties":{"Nombre":"Urb. Rosales de Terranova","CodigoPOT":"Sin codigo","codigoDANE":"Sin codigo","CodigoCatastro":"Sin codigo","CodCOMUNA":"08","Extension":0.515,"Poblacion":0,"EstratoPredom":"Por definir."}},{"type":"Feature","geometry":{"type":"Polygon","coordinates":[[[-75.543364,6.341784],[-75.542966,6.34189],[-75.542973,6.34192],[-75.541573,6.342277],[-75.541917,6.343613],[-75.541889,6.343628],[-75.542231,6.343746],[-75.542248,6.34366],[-75.54245,6.343304],[-75.542531,6.343227],[-75.542895,6.343077],[-75.54311,6.342903],[-75.543043,6.342817],[-75.543039,6.342578],[-75.54325,6.342088],[-75.54332,6.34196],[-75.543397,6.341913],[-75.543364,6.341784]]]},"properties":{"Nombre":"Urb. Senderos de San Jacinto","CodigoPOT":"Sin codigo","codigoDANE":"Sin codigo","CodigoCatastro":"Sin codigo","CodCOMUNA":"08","Extension":0.515,"Poblacion":0,"EstratoPredom":"Por definir."}},{"type":"Feature","geometry":{"type":"Polygon","coordinates":[[[-75.531052,6.346139],[-75.53098,6.346251],[-75.53088,6.346317],[-75.529922,6.346584],[-75.530335,6.348095],[-75.531481,6.347798],[-75.531052,6.346139]]]},"properties":{"Nombre":"Urb. El Trebol","CodigoPOT":"Sin codigo","codigoDANE":"Sin codigo","CodigoCatastro":"Sin codigo","CodCOMUNA":"08","Extension":1.28,"Poblacion":0,"EstratoPredom":"Sin definir."}},{"type":"Feature","geometry":{"type":"Polygon","coordinates":[[[-75.53907,6.328296],[-75.539121,6.328344],[-75.539155,6.328592],[-75.539313,6.328804],[-75.53941,6.328866],[-75.539532,6.328829],[-75.539754,6.328674],[-75.539916,6.328606],[-75.540105,6.328927],[-75.540097,6.329211],[-75.540389,6.329406],[-75.540438,6.329404],[-75.540583,6.329531],[-75.540664,6.32977],[-75.540693,6.330034],[-75.540844,6.330114],[-75.540892,6.33026],[-75.541093,6.330205],[-75.541432,6.330242],[-75.541664,6.32957],[-75.5417,6.329314],[-75.541682,6.329178],[-75.541596,6.32886],[-75.540844,6.327652],[-75.540786,6.327266],[-75.540846,6.32692],[-75.540825,6.32662],[-75.540715,6.326832],[-75.540671,6.326992],[-75.540562,6.327023],[-75.540476,6.326685],[-75.540336,6.326546],[-75.540019,6.326441],[-75.539905,6.326476],[-75.53951,6.326762],[-75.539251,6.326391],[-75.539209,6.326408],[-75.539271,6.326586],[-75.539549,6.326886],[-75.539573,6.32687],[-75.539683,6.327012],[-75.53964,6.327038],[-75.539729,6.327198],[-75.539777,6.327175],[-75.539863,6.327328],[-75.539616,6.327444],[-75.539456,6.32765],[-75.539369,6.327641],[-75.539265,6.327712],[-75.539143,6.327948],[-75.53907,6.328296]]]},"properties":{"Nombre":"B. La Camila","CodigoPOT":"10-01(11)","codigoDANE":"1001","CodigoCatastro":"011","CodCOMUNA":"10","Extension":0.13,"Poblacion":5934,"EstratoPredom":"Uno y Dos."}},{"type":"Feature","geometry":{"type":"Polygon","coordinates":[[[-75.547612,6.319312],[-75.547922,6.319501],[-75.548265,6.319654],[-75.548278,6.319751],[-75.548668,6.319964],[-75.548742,6.320094],[-75.548825,6.32016],[-75.548976,6.320485],[-75.549226,6.32057],[-75.549289,6.320558],[-75.54948,6.320666],[-75.549545,6.320654],[-75.549608,6.32069],[-75.549711,6.320835],[-75.549839,6.320888],[-75.549908,6.320884],[-75.550138,6.321045],[-75.55024,6.321371],[-75.550271,6.321624],[-75.550466,6.321896],[-75.550507,6.322016],[-75.550875,6.321505],[-75.551329,6.321255],[-75.551638,6.321147],[-75.551807,6.321027],[-75.553334,6.318942],[-75.553406,6.318786],[-75.553486,6.318199],[-75.552595,6.31811],[-75.552612,6.317872],[-75.55223,6.317829],[-75.552063,6.317739],[-75.551844,6.31777],[-75.551535,6.317565],[-75.551225,6.317507],[-75.551115,6.317437],[-75.551104,6.317378],[-75.550811,6.317816],[-75.550706,6.317913],[-75.550576,6.317972],[-75.550434,6.317792],[-75.550189,6.317695],[-75.549655,6.317645],[-75.549577,6.317603],[-75.549419,6.317639],[-75.549041,6.317478],[-75.548891,6.317473],[-75.548808,6.317511],[-75.548724,6.317572],[-75.548698,6.317655],[-75.548616,6.317521],[-75.548632,6.317396],[-75.548528,6.317242],[-75.548257,6.317113],[-75.547974,6.316875],[-75.547953,6.316812],[-75.547168,6.316473],[-75.547019,6.317362],[-75.547069,6.317597],[-75.547178,6.317704],[-75.547571,6.317871],[-75.54761,6.318039],[-75.54797,6.318575],[-75.547912,6.318907],[-75.547696,6.319025],[-75.547674,6.319006],[-75.547612,6.319312]]]},"properties":{"Nombre":"B. La Gabriela","CodigoPOT":"10-01(11)","codigoDANE":"1001","CodigoCatastro":"011","CodCOMUNA":"10","Extension":0.13,"Poblacion":5934,"EstratoPredom":"Uno y Dos."}},{"type":"Feature","geometry":{"type":"Polygon","coordinates":[[[-75.547273,6.324002],[-75.547289,6.323958],[-75.547264,6.323908],[-75.547093,6.323731],[-75.546838,6.323829],[-75.546805,6.323758],[-75.547072,6.323668],[-75.547091,6.323593],[-75.547063,6.323543],[-75.546834,6.323575],[-75.546711,6.323676],[-75.546552,6.32409],[-75.546636,6.324253],[-75.546356,6.324598],[-75.546343,6.324716],[-75.546294,6.324773],[-75.546303,6.325059],[-75.546244,6.325065],[-75.546249,6.325156],[-75.546289,6.325149],[-75.546294,6.325503],[-75.546369,6.325521],[-75.546389,6.325472],[-75.546472,6.325144],[-75.546465,6.324859],[-75.54653,6.324708],[-75.546745,6.324548],[-75.547131,6.324359],[-75.547116,6.324204],[-75.547273,6.324002]]]},"properties":{"Nombre":" B. Marco Fidel Suárez","CodigoPOT":" ","codigoDANE":" ","CodigoCatastro":" ","CodCOMUNA":" ","Extension":0,"Poblacion":0,"EstratoPredom":" "}},{"type":"Feature","geometry":{"type":"Polygon","coordinates":[[[-75.548,6.319533],[-75.548025,6.319648],[-75.547957,6.319851],[-75.547841,6.319943],[-75.547793,6.320025],[-75.548027,6.320164],[-75.547835,6.320307],[-75.547846,6.320496],[-75.547896,6.320652],[-75.547848,6.32082],[-75.547374,6.321282],[-75.54722,6.321609],[-75.54703,6.321826],[-75.546438,6.32219],[-75.546167,6.322504],[-75.546089,6.322643],[-75.546067,6.322871],[-75.546156,6.323088],[-75.546278,6.323188],[-75.546484,6.323166],[-75.546762,6.323199],[-75.54701,6.323162],[-75.547629,6.323472],[-75.547735,6.323572],[-75.54794,6.323549],[-75.548129,6.323399],[-75.54878,6.322569],[-75.549136,6.322359],[-75.54948,6.322276],[-75.549758,6.322087],[-75.550203,6.32192],[-75.550362,6.321761],[-75.550271,6.321624],[-75.55024,6.321371],[-75.550138,6.321045],[-75.549908,6.320884],[-75.549839,6.320888],[-75.549711,6.320835],[-75.549608,6.32069],[-75.549545,6.320654],[-75.54948,6.320666],[-75.549289,6.320558],[-75.549226,6.32057],[-75.548976,6.320485],[-75.548825,6.32016],[-75.548742,6.320094],[-75.548689,6.319985],[-75.548278,6.319751],[-75.548265,6.319654],[-75.548,6.319533]]]},"properties":{"Nombre":"Asentamiento de Hecho La Orquídea","CodigoPOT":"10-01(11)","codigoDANE":"1001","CodigoCatastro":"011","CodCOMUNA":"10","Extension":0.13,"Poblacion":5934,"EstratoPredom":"Uno y Dos."}},{"type":"Feature","geometry":{"type":"Polygon","coordinates":[[[-75.537116,6.307562],[-75.537492,6.308074],[-75.537625,6.308197],[-75.537721,6.30824],[-75.538028,6.308203],[-75.538185,6.308144],[-75.538411,6.307955],[-75.538424,6.307764],[-75.538384,6.307651],[-75.53831,6.307569],[-75.53814,6.307473],[-75.537716,6.306936],[-75.537223,6.306535],[-75.53649,6.306086],[-75.53636,6.305933],[-75.536033,6.305711],[-75.535853,6.305511],[-75.5358,6.305398],[-75.535816,6.304964],[-75.535756,6.304212],[-75.535774,6.304088],[-75.536373,6.303364],[-75.536652,6.30284],[-75.534227,6.301784],[-75.533766,6.30168],[-75.532744,6.30168],[-75.531904,6.302553],[-75.532061,6.302734],[-75.532214,6.303223],[-75.532264,6.303485],[-75.53221,6.303644],[-75.53336,6.304804],[-75.533537,6.305035],[-75.533868,6.305361],[-75.534005,6.30564],[-75.534256,6.306025],[-75.534274,6.306007],[-75.53432,6.30604],[-75.534313,6.306087],[-75.534477,6.306449],[-75.534601,6.307025],[-75.534948,6.307683],[-75.535491,6.308249],[-75.535589,6.308413],[-75.535821,6.308178],[-75.53595,6.308182],[-75.536592,6.307948],[-75.537116,6.307562]]]},"properties":{"Nombre":"Asentamiento de Hecho El Pinar","CodigoPOT":" ","codigoDANE":" ","CodigoCatastro":" ","CodCOMUNA":" ","Extension":0,"Poblacion":0,"EstratoPredom":" "}},{"type":"Feature","geometry":{"type":"Polygon","coordinates":[[[-75.547969,6.310786],[-75.548354,6.31045],[-75.548418,6.310353],[-75.548518,6.309874],[-75.548601,6.309759],[-75.548991,6.309563],[-75.549035,6.309442],[-75.549002,6.309347],[-75.548764,6.309382],[-75.548273,6.309233],[-75.547907,6.30919],[-75.547088,6.309278],[-75.546972,6.309343],[-75.546842,6.309512],[-75.54609,6.309545],[-75.545729,6.309468],[-75.545551,6.309376],[-75.545419,6.309394],[-75.545115,6.309543],[-75.544971,6.309512],[-75.544915,6.309434],[-75.544827,6.309417],[-75.544711,6.309489],[-75.544569,6.309498],[-75.544624,6.309762],[-75.54473,6.309767],[-75.544924,6.309849],[-75.545313,6.310079],[-75.545544,6.31033],[-75.545664,6.310552],[-75.545708,6.310545],[-75.545781,6.310437],[-75.54577,6.310328],[-75.545688,6.31022],[-75.545744,6.310192],[-75.545743,6.310152],[-75.54595,6.31018],[-75.546209,6.310126],[-75.546288,6.310146],[-75.546339,6.310243],[-75.546275,6.310465],[-75.546297,6.31088],[-75.546346,6.311019],[-75.546471,6.311153],[-75.546687,6.311226],[-75.547084,6.31149],[-75.547174,6.311482],[-75.5476,6.311167],[-75.547969,6.310786]]]},"properties":{"Nombre":"Asent. de Hecho Mirador de San Nicolás","CodigoPOT":" ","codigoDANE":" ","CodigoCatastro":" ","CodCOMUNA":" ","Extension":0,"Poblacion":0,"EstratoPredom":" "}},{"type":"Feature","geometry":{"type":"Polygon","coordinates":[[[-75.54371,6.30947],[-75.544001,6.309481],[-75.544237,6.309579],[-75.544283,6.309538],[-75.544314,6.309397],[-75.544063,6.309347],[-75.544093,6.309238],[-75.543979,6.309207],[-75.544016,6.308987],[-75.544097,6.308999],[-75.544174,6.3088],[-75.54421,6.30881],[-75.544221,6.308773],[-75.54431,6.308796],[-75.544356,6.30866],[-75.54431,6.308648],[-75.544337,6.308554],[-75.544299,6.308536],[-75.544336,6.308443],[-75.544354,6.308453],[-75.544378,6.308394],[-75.544411,6.308408],[-75.544437,6.308359],[-75.544428,6.308238],[-75.544463,6.308203],[-75.544307,6.308134],[-75.544334,6.308053],[-75.54425,6.307976],[-75.544211,6.307991],[-75.544193,6.308085],[-75.544117,6.308073],[-75.544139,6.307962],[-75.544085,6.30797],[-75.544062,6.307902],[-75.544099,6.307875],[-75.544095,6.307823],[-75.544135,6.307826],[-75.544135,6.30787],[-75.544159,6.30787],[-75.544243,6.307717],[-75.544157,6.307657],[-75.544244,6.307468],[-75.544334,6.307489],[-75.544255,6.307126],[-75.544332,6.307126],[-75.544342,6.307095],[-75.544281,6.307061],[-75.544366,6.306939],[-75.544237,6.306862],[-75.544282,6.306741],[-75.544353,6.306684],[-75.544644,6.306765],[-75.544668,6.306835],[-75.54486,6.30687],[-75.544943,6.306641],[-75.545002,6.306644],[-75.545126,6.306221],[-75.545168,6.306168],[-75.545291,6.306124],[-75.545106,6.305913],[-75.545027,6.305763],[-75.545068,6.305514],[-75.54506,6.305197],[-75.54502,6.305025],[-75.544812,6.304614],[-75.544618,6.304451],[-75.544043,6.304239],[-75.543914,6.304348],[-75.544112,6.304721],[-75.543875,6.304937],[-75.543982,6.305075],[-75.54411,6.305111],[-75.544212,6.305186],[-75.544071,6.30524],[-75.543909,6.305254],[-75.543747,6.305387],[-75.543759,6.305611],[-75.543732,6.305703],[-75.543662,6.305807],[-75.543667,6.305865],[-75.543599,6.305925],[-75.543546,6.305923],[-75.543514,6.306284],[-75.543529,6.306483],[-75.543384,6.306481],[-75.543367,6.30652],[-75.543396,6.306708],[-75.543377,6.306854],[-75.543299,6.307104],[-75.543246,6.307101],[-75.543216,6.307218],[-75.543216,6.307314],[-75.543338,6.307653],[-75.543337,6.307744],[-75.543733,6.307731],[-75.543825,6.307822],[-75.543824,6.308437],[-75.544051,6.308537],[-75.543981,6.3089],[-75.54382,6.308856],[-75.543724,6.309043],[-75.543611,6.309013],[-75.543537,6.309039],[-75.543468,6.309182],[-75.543534,6.309188],[-75.543545,6.309244],[-75.54367,6.309376],[-75.54371,6.30947]]]},"properties":{"Nombre":"Asentamiento de Hecho El Oasis","CodigoPOT":" ","codigoDANE":" ","CodigoCatastro":" ","CodCOMUNA":" ","Extension":0,"Poblacion":0,"EstratoPredom":" "}},{"type":"Feature","geometry":{"type":"Polygon","coordinates":[[[-75.569071,6.315827],[-75.568959,6.315874],[-75.568857,6.315967],[-75.568389,6.316666],[-75.568762,6.316927],[-75.56946,6.315878],[-75.569205,6.315821],[-75.569071,6.315827]]]},"properties":{"Nombre":"Urb. Manaos","CodigoPOT":" ","codigoDANE":" ","CodigoCatastro":" ","CodCOMUNA":" ","Extension":0,"Poblacion":0,"EstratoPredom":" "}},{"type":"Feature","geometry":{"type":"Polygon","coordinates":[[[-75.569318,6.317562],[-75.56942,6.31763],[-75.569956,6.316826],[-75.57,6.316678],[-75.569994,6.316439],[-75.569864,6.31608],[-75.569727,6.315953],[-75.569535,6.315897],[-75.569492,6.315962],[-75.569431,6.315922],[-75.568762,6.316927],[-75.568389,6.316666],[-75.568258,6.316785],[-75.567907,6.317004],[-75.567976,6.317196],[-75.568071,6.317163],[-75.568056,6.317121],[-75.568308,6.317019],[-75.568323,6.317062],[-75.568504,6.317025],[-75.569318,6.317562]]]},"properties":{"Nombre":"Urb. Porto Alegre","CodigoPOT":" ","codigoDANE":" ","CodigoCatastro":" ","CodCOMUNA":" ","Extension":0,"Poblacion":0,"EstratoPredom":" "}},{"type":"Feature","geometry":{"type":"Polygon","coordinates":[[[-75.568942,6.317741],[-75.569231,6.317915],[-75.569375,6.317698],[-75.569289,6.317689],[-75.569311,6.317656],[-75.569288,6.31764],[-75.569271,6.317667],[-75.569068,6.317531],[-75.569093,6.317494],[-75.568482,6.317089],[-75.568032,6.317234],[-75.568014,6.317183],[-75.567976,6.317196],[-75.568039,6.317394],[-75.567969,6.317577],[-75.56806,6.317837],[-75.568734,6.317603],[-75.568942,6.317741]]]},"properties":{"Nombre":"Urb. Novorizonte","CodigoPOT":" ","codigoDANE":" ","CodigoCatastro":" ","CodCOMUNA":" ","Extension":0,"Poblacion":0,"EstratoPredom":" "}},{"type":"Feature","geometry":{"type":"Polygon","coordinates":[[[-75.568897,6.318074],[-75.567696,6.318207],[-75.567625,6.31822],[-75.567589,6.318263],[-75.567746,6.319525],[-75.567701,6.319601],[-75.567757,6.320027],[-75.567902,6.320113],[-75.569135,6.318111],[-75.569032,6.318061],[-75.568897,6.318074]]]},"properties":{"Nombre":"Urb. Palmacía","CodigoPOT":" ","codigoDANE":" ","CodigoCatastro":" ","CodCOMUNA":" ","Extension":0,"Poblacion":0,"EstratoPredom":" "}},{"type":"Feature","geometry":{"type":"Polygon","coordinates":[[[-75.567557,6.320389],[-75.567796,6.320056],[-75.567757,6.320027],[-75.567701,6.319601],[-75.567746,6.319525],[-75.567603,6.318424],[-75.567536,6.318432],[-75.567547,6.318513],[-75.566994,6.318571],[-75.567079,6.319339],[-75.56712,6.319334],[-75.567127,6.319388],[-75.566879,6.319406],[-75.566891,6.319499],[-75.56683,6.319507],[-75.566871,6.31981],[-75.566434,6.319867],[-75.566451,6.320001],[-75.56639,6.320019],[-75.566362,6.320067],[-75.566385,6.320265],[-75.566358,6.320268],[-75.566353,6.320232],[-75.566237,6.320248],[-75.566258,6.320409],[-75.566195,6.320417],[-75.566227,6.320659],[-75.565689,6.320729],[-75.565707,6.320863],[-75.565625,6.320868],[-75.565599,6.320941],[-75.565647,6.320989],[-75.565721,6.320971],[-75.565738,6.321105],[-75.567117,6.320926],[-75.567218,6.320862],[-75.567557,6.320389]]]},"properties":{"Nombre":"Urb. Amazonía","CodigoPOT":" ","codigoDANE":" ","CodigoCatastro":" ","CodCOMUNA":" ","Extension":0,"Poblacion":0,"EstratoPredom":" "}},{"type":"Feature","geometry":{"type":"Polygon","coordinates":[[[-75.56849,6.321488],[-75.568842,6.321695],[-75.569375,6.320788],[-75.569025,6.320583],[-75.568986,6.320649],[-75.568856,6.320571],[-75.568829,6.320617],[-75.568773,6.320583],[-75.568736,6.320644],[-75.568583,6.320554],[-75.5683,6.32105],[-75.568269,6.321033],[-75.567962,6.321549],[-75.568304,6.321695],[-75.56839,6.321631],[-75.56849,6.321488]]]},"properties":{"Nombre":"Urb. San Simón","CodigoPOT":" ","codigoDANE":" ","CodigoCatastro":" ","CodCOMUNA":" ","Extension":0,"Poblacion":0,"EstratoPredom":" "}},{"type":"Feature","geometry":{"type":"Polygon","coordinates":[[[-75.565855,6.322931],[-75.566283,6.322837],[-75.566305,6.322911],[-75.566381,6.322894],[-75.566366,6.322814],[-75.56678,6.32272],[-75.566757,6.32257],[-75.566866,6.322532],[-75.566862,6.322469],[-75.567255,6.322397],[-75.56734,6.322355],[-75.56737,6.32231],[-75.567306,6.322013],[-75.567507,6.321971],[-75.567468,6.32172],[-75.566605,6.321908],[-75.566553,6.321764],[-75.565817,6.321916],[-75.565813,6.321865],[-75.565184,6.321991],[-75.565045,6.321863],[-75.56515,6.321481],[-75.565021,6.321436],[-75.564999,6.32148],[-75.564886,6.321439],[-75.564875,6.321603],[-75.564851,6.321602],[-75.564826,6.321512],[-75.564518,6.321576],[-75.564537,6.321681],[-75.564409,6.3217],[-75.564371,6.321509],[-75.56417,6.321558],[-75.564241,6.321872],[-75.564443,6.321838],[-75.564657,6.322765],[-75.564744,6.322892],[-75.564963,6.323083],[-75.565106,6.323122],[-75.565327,6.323086],[-75.565593,6.322963],[-75.565565,6.322805],[-75.565938,6.322718],[-75.56595,6.322807],[-75.565833,6.322834],[-75.565855,6.322931]]]},"properties":{"Nombre":"Urb. Villa de Occidente","CodigoPOT":" ","codigoDANE":" ","CodigoCatastro":" ","CodCOMUNA":" ","Extension":0,"Poblacion":0,"EstratoPredom":" "}},{"type":"Feature","geometry":{"type":"Polygon","coordinates":[[[-75.576982,6.31681],[-75.577062,6.316763],[-75.577075,6.316567],[-75.576984,6.316424],[-75.576902,6.316136],[-75.57694,6.316054],[-75.577165,6.315908],[-75.577216,6.315809],[-75.57701,6.31563],[-75.576647,6.315673],[-75.576527,6.315484],[-75.576384,6.315479],[-75.57625,6.315518],[-75.576082,6.315653],[-75.576002,6.315807],[-75.575867,6.315853],[-75.575718,6.315825],[-75.575611,6.315694],[-75.575447,6.3156],[-75.575345,6.315628],[-75.575156,6.315807],[-75.575102,6.316203],[-75.575437,6.316453],[-75.575681,6.316584],[-75.575714,6.316707],[-75.576213,6.316533],[-75.576315,6.31662],[-75.576338,6.316707],[-75.576763,6.316574],[-75.576982,6.31681]]]},"properties":{"Nombre":"Asentamiento de Hecho Girasol","CodigoPOT":" ","codigoDANE":" ","CodigoCatastro":" ","CodCOMUNA":" ","Extension":0,"Poblacion":0,"EstratoPredom":" "}},{"type":"Feature","geometry":{"type":"Polygon","coordinates":[[[-75.564101,6.327967],[-75.564173,6.328266],[-75.564474,6.328335],[-75.565637,6.32897],[-75.566101,6.328071],[-75.566332,6.327525],[-75.566672,6.326918],[-75.566541,6.326829],[-75.566339,6.32675],[-75.565991,6.326871],[-75.565762,6.326771],[-75.5657,6.326773],[-75.565577,6.326844],[-75.565474,6.326978],[-75.565161,6.327687],[-75.564912,6.327747],[-75.564851,6.327598],[-75.564718,6.327638],[-75.564679,6.327814],[-75.564547,6.327823],[-75.564101,6.327967]]]},"properties":{"Nombre":"Urb. Búcaros I","CodigoPOT":"03-03(18)","codigoDANE":"0303","CodigoCatastro":"016","CodCOMUNA":"03","Extension":0.1,"Poblacion":2298,"EstratoPredom":"Tres."}},{"type":"Feature","geometry":{"type":"MultiPolygon","coordinates":[[[[-75.564312,6.321523],[-75.564313,6.321523],[-75.564313,6.321523],[-75.564312,6.321523]]],[[[-75.564968,6.329479],[-75.564996,6.329765],[-75.566708,6.329866],[-75.567136,6.329917],[-75.567373,6.329451],[-75.566164,6.328883],[-75.565919,6.329406],[-75.565497,6.329243],[-75.564958,6.329362],[-75.564968,6.329479]]]]},"properties":{"Nombre":"Urb. Búcaros III","CodigoPOT":"Sin Codigo","codigoDANE":"Sin Codigo","CodigoCatastro":"999","CodCOMUNA":"03","Extension":1.26,"Poblacion":0,"EstratoPredom":"No estratificada."}},{"type":"Feature","geometry":{"type":"Polygon","coordinates":[[[-75.566266,6.327679],[-75.56623,6.327764],[-75.566225,6.327775],[-75.566266,6.327679]]]},"properties":{"Nombre":"Area en desarrollo","CodigoPOT":"Sin Codigo","codigoDANE":"Sin Codigo","CodigoCatastro":"999","CodCOMUNA":"03","Extension":1.26,"Poblacion":0,"EstratoPredom":"No estratificada."}},{"type":"Feature","geometry":{"type":"Polygon","coordinates":[[[-75.567577,6.326699],[-75.567557,6.326699],[-75.567543,6.3267],[-75.567577,6.326699]]]},"properties":{"Nombre":"Area en desarrollo","CodigoPOT":"Sin Codigo","codigoDANE":"Sin Codigo","CodigoCatastro":"999","CodCOMUNA":"03","Extension":1.26,"Poblacion":0,"EstratoPredom":"No estratificada."}},{"type":"Feature","geometry":{"type":"Polygon","coordinates":[[[-75.566628,6.327027],[-75.566584,6.327095],[-75.566554,6.327141],[-75.566628,6.327027]]]},"properties":{"Nombre":"Area en desarrollo","CodigoPOT":"Sin Codigo","codigoDANE":"Sin Codigo","CodigoCatastro":"999","CodCOMUNA":"03","Extension":1.26,"Poblacion":0,"EstratoPredom":"No estratificada."}},{"type":"Feature","geometry":{"type":"Polygon","coordinates":[[[-75.566554,6.327141],[-75.566443,6.327317],[-75.56644,6.327323],[-75.566554,6.327141]]]},"properties":{"Nombre":"Area en desarrollo","CodigoPOT":"Sin Codigo","codigoDANE":"Sin Codigo","CodigoCatastro":"999","CodCOMUNA":"03","Extension":1.26,"Poblacion":0,"EstratoPredom":"No estratificada."}},{"type":"Feature","geometry":{"type":"Polygon","coordinates":[[[-75.565768,6.328722],[-75.565702,6.328838],[-75.565693,6.328856],[-75.565768,6.328722]]]},"properties":{"Nombre":"Area en desarrollo","CodigoPOT":"Sin Codigo","codigoDANE":"Sin Codigo","CodigoCatastro":"999","CodCOMUNA":"03","Extension":1.26,"Poblacion":0,"EstratoPredom":"No estratificada."}},{"type":"Feature","geometry":{"type":"Polygon","coordinates":[[[-75.567537,6.327127],[-75.567406,6.327401],[-75.567519,6.327167],[-75.567537,6.327127]]]},"properties":{"Nombre":"Area en desarrollo","CodigoPOT":"Sin Codigo","codigoDANE":"Sin Codigo","CodigoCatastro":"999","CodCOMUNA":"03","Extension":1.26,"Poblacion":0,"EstratoPredom":"No estratificada."}},{"type":"Feature","geometry":{"type":"Polygon","coordinates":[[[-75.56768,6.32677],[-75.567836,6.326982],[-75.567764,6.326882],[-75.56768,6.32677]]]},"properties":{"Nombre":"Area en desarrollo","CodigoPOT":"Sin Codigo","codigoDANE":"Sin Codigo","CodigoCatastro":"999","CodCOMUNA":"03","Extension":1.26,"Poblacion":0,"EstratoPredom":"No estratificada."}},{"type":"Feature","geometry":{"type":"Polygon","coordinates":[[[-75.567999,6.331815],[-75.567993,6.331844],[-75.567922,6.331872],[-75.567451,6.331942],[-75.567004,6.331914],[-75.56702,6.332414],[-75.567261,6.332483],[-75.567417,6.332494],[-75.567266,6.332899],[-75.567046,6.332997],[-75.566873,6.333022],[-75.566667,6.332829],[-75.566498,6.332774],[-75.566128,6.332809],[-75.566455,6.333209],[-75.566753,6.333354],[-75.566802,6.333405],[-75.566811,6.333526],[-75.567326,6.333543],[-75.56753,6.333697],[-75.567694,6.333732],[-75.567695,6.333877],[-75.567638,6.334066],[-75.567654,6.334251],[-75.567732,6.334296],[-75.568036,6.334285],[-75.568227,6.334612],[-75.568223,6.334661],[-75.567966,6.33485],[-75.567715,6.334967],[-75.567706,6.335281],[-75.568075,6.335286],[-75.568677,6.335396],[-75.569477,6.335233],[-75.56978,6.335053],[-75.569923,6.334882],[-75.570055,6.335066],[-75.570204,6.334767],[-75.570337,6.334825],[-75.570914,6.334612],[-75.5717,6.334496],[-75.571616,6.334056],[-75.571766,6.333826],[-75.571835,6.33366],[-75.572095,6.333744],[-75.572458,6.333942],[-75.572748,6.333911],[-75.572915,6.333858],[-75.573024,6.334027],[-75.573061,6.333944],[-75.572922,6.333655],[-75.573204,6.333551],[-75.574074,6.333091],[-75.574189,6.332997],[-75.574322,6.332818],[-75.574411,6.332484],[-75.574441,6.332513],[-75.574951,6.332243],[-75.575141,6.332174],[-75.574939,6.332148],[-75.574707,6.332244],[-75.574518,6.332265],[-75.573833,6.332194],[-75.573713,6.332143],[-75.573649,6.332031],[-75.573647,6.331926],[-75.573526,6.331806],[-75.573171,6.331589],[-75.572996,6.331542],[-75.572775,6.331669],[-75.572709,6.331684],[-75.572643,6.331658],[-75.572144,6.331358],[-75.57204,6.331327],[-75.572085,6.331216],[-75.572076,6.331098],[-75.572133,6.331024],[-75.572311,6.330904],[-75.572553,6.330879],[-75.572722,6.330802],[-75.572993,6.330492],[-75.57266,6.330623],[-75.572561,6.330533],[-75.572373,6.330435],[-75.572019,6.330272],[-75.571687,6.330191],[-75.571345,6.329998],[-75.571093,6.330025],[-75.570753,6.329856],[-75.570773,6.329751],[-75.570696,6.32932],[-75.570868,6.328721],[-75.57102,6.328484],[-75.571181,6.328123],[-75.571283,6.328035],[-75.571412,6.327994],[-75.571439,6.327927],[-75.57155,6.327845],[-75.571693,6.327566],[-75.572039,6.327485],[-75.572156,6.327575],[-75.572274,6.327553],[-75.572322,6.327439],[-75.572334,6.327263],[-75.572373,6.327199],[-75.572603,6.327175],[-75.572686,6.327104],[-75.572754,6.327091],[-75.572949,6.32709],[-75.57304,6.326966],[-75.572951,6.327053],[-75.572692,6.32697],[-75.572331,6.327001],[-75.572257,6.32705],[-75.572182,6.327248],[-75.572131,6.327225],[-75.572175,6.327122],[-75.572152,6.327054],[-75.572022,6.327289],[-75.571766,6.327125],[-75.571449,6.327623],[-75.571281,6.327514],[-75.571011,6.327918],[-75.570456,6.327962],[-75.569187,6.328156],[-75.568917,6.328097],[-75.568689,6.328001],[-75.568473,6.327837],[-75.568352,6.327678],[-75.568338,6.327896],[-75.568412,6.327912],[-75.568402,6.328046],[-75.567474,6.327982],[-75.567192,6.327841],[-75.567055,6.328138],[-75.566941,6.328095],[-75.566711,6.328582],[-75.567588,6.328995],[-75.567136,6.329917],[-75.568106,6.33001],[-75.568168,6.330048],[-75.568215,6.33013],[-75.568223,6.330273],[-75.568052,6.330436],[-75.56806,6.330472],[-75.568191,6.3304],[-75.568193,6.3306],[-75.56893,6.330444],[-75.569133,6.330295],[-75.569335,6.330212],[-75.569494,6.330274],[-75.569509,6.330333],[-75.569572,6.330338],[-75.569651,6.330323],[-75.569923,6.330154],[-75.570104,6.330101],[-75.570194,6.330107],[-75.570336,6.330215],[-75.570567,6.330174],[-75.571014,6.330193],[-75.571139,6.330169],[-75.571252,6.330238],[-75.571369,6.330439],[-75.57166,6.330714],[-75.571697,6.3308],[-75.571658,6.331105],[-75.571381,6.331472],[-75.571229,6.331575],[-75.570806,6.331694],[-75.570414,6.332175],[-75.57026,6.332263],[-75.570035,6.33228],[-75.569682,6.332078],[-75.569457,6.332007],[-75.569232,6.331996],[-75.569038,6.332025],[-75.56882,6.332125],[-75.56866,6.332133],[-75.568418,6.332],[-75.568194,6.331792],[-75.567999,6.331815]]]},"properties":{"Nombre":"Area en desarrollo","CodigoPOT":"Sin Codigo","codigoDANE":"Sin Codigo","CodigoCatastro":"999","CodCOMUNA":"03","Extension":1.26,"Poblacion":0,"EstratoPredom":"No estratificada."}},{"type":"Feature","geometry":{"type":"Polygon","coordinates":[[[-75.539251,6.326391],[-75.539145,6.326233],[-75.539,6.326145],[-75.538925,6.326018],[-75.538892,6.326168],[-75.539016,6.326362],[-75.538823,6.32667],[-75.538761,6.326888],[-75.538729,6.32717],[-75.538678,6.327189],[-75.538682,6.32728],[-75.538566,6.327319],[-75.538496,6.327305],[-75.538546,6.327395],[-75.538631,6.327767],[-75.538952,6.328187],[-75.53907,6.328296],[-75.539143,6.327948],[-75.539265,6.327712],[-75.539369,6.327641],[-75.539456,6.32765],[-75.539616,6.327444],[-75.539863,6.327328],[-75.539777,6.327175],[-75.539729,6.327198],[-75.53964,6.327038],[-75.539683,6.327012],[-75.539573,6.32687],[-75.539549,6.326886],[-75.539448,6.326786],[-75.53924,6.326541],[-75.539209,6.326408],[-75.539251,6.326391]]]},"properties":{"Nombre":"Asentamiento de Hecho El Pomar","CodigoPOT":"10-01(11)","codigoDANE":"1001","CodigoCatastro":"011","CodCOMUNA":"10","Extension":0.13,"Poblacion":5934,"EstratoPredom":"Uno y Dos."}},{"type":"Feature","geometry":{"type":"Polygon","coordinates":[[[-75.567192,6.327841],[-75.567608,6.32698],[-75.567789,6.327062],[-75.567836,6.326982],[-75.567624,6.326718],[-75.567543,6.3267],[-75.567446,6.326726],[-75.567446,6.326576],[-75.567127,6.326767],[-75.566657,6.326982],[-75.566332,6.327525],[-75.566101,6.328071],[-75.565497,6.329243],[-75.565919,6.329406],[-75.566164,6.328883],[-75.567372,6.32945],[-75.567588,6.328995],[-75.566711,6.328582],[-75.566941,6.328095],[-75.567055,6.328138],[-75.567192,6.327841]]]},"properties":{"Nombre":"Urb. Búcaros II","CodigoPOT":"Sin Codigo","codigoDANE":"Sin Codigo","CodigoCatastro":"999","CodCOMUNA":"03","Extension":1.26,"Poblacion":0,"EstratoPredom":"No estratificada."}},{"type":"Feature","geometry":{"type":"Polygon","coordinates":[[[-75.570157,6.339188],[-75.570354,6.339317],[-75.570681,6.339426],[-75.570773,6.339399],[-75.570903,6.33922],[-75.570934,6.338857],[-75.570974,6.33884],[-75.571039,6.338875],[-75.571059,6.338847],[-75.571143,6.338874],[-75.571203,6.338776],[-75.571232,6.338524],[-75.571179,6.338496],[-75.571186,6.338448],[-75.571254,6.338428],[-75.571299,6.338321],[-75.57137,6.338354],[-75.571803,6.338072],[-75.571863,6.338207],[-75.571999,6.338334],[-75.572118,6.338395],[-75.5723,6.33838],[-75.572462,6.338299],[-75.57254,6.338376],[-75.572925,6.338556],[-75.57323,6.33854],[-75.573533,6.338673],[-75.573635,6.338671],[-75.573817,6.338593],[-75.574064,6.33867],[-75.574236,6.338794],[-75.574369,6.338961],[-75.574327,6.338997],[-75.574468,6.339158],[-75.574521,6.339112],[-75.574697,6.339221],[-75.574883,6.339279],[-75.575483,6.339273],[-75.575624,6.33931],[-75.575484,6.339201],[-75.575302,6.339124],[-75.575209,6.339006],[-75.575138,6.33882],[-75.575212,6.338693],[-75.57534,6.338724],[-75.575421,6.338689],[-75.575501,6.338718],[-75.575601,6.33879],[-75.575674,6.338932],[-75.575867,6.339075],[-75.575776,6.338914],[-75.575772,6.338861],[-75.575853,6.338867],[-75.575802,6.338694],[-75.575816,6.338649],[-75.57611,6.338403],[-75.576306,6.338374],[-75.576464,6.3383],[-75.576293,6.338334],[-75.576032,6.338276],[-75.575889,6.338387],[-75.575769,6.338428],[-75.575423,6.338168],[-75.57515,6.337884],[-75.574804,6.33773],[-75.574681,6.337401],[-75.574932,6.337332],[-75.574684,6.337239],[-75.574746,6.337004],[-75.574754,6.336726],[-75.574812,6.336502],[-75.574773,6.336345],[-75.574477,6.336571],[-75.574262,6.336626],[-75.57403,6.336581],[-75.573673,6.3368],[-75.57357,6.336691],[-75.573436,6.33664],[-75.573173,6.336653],[-75.572957,6.3366],[-75.572893,6.336551],[-75.572628,6.336639],[-75.572589,6.336652],[-75.57257,6.337081],[-75.57234,6.337072],[-75.572283,6.337117],[-75.572056,6.337107],[-75.571996,6.337202],[-75.571198,6.337165],[-75.57125,6.335891],[-75.570809,6.336138],[-75.570708,6.336248],[-75.570744,6.336425],[-75.57086,6.336491],[-75.57096,6.336645],[-75.571008,6.336879],[-75.570673,6.337472],[-75.570173,6.338106],[-75.570294,6.338324],[-75.570202,6.338429],[-75.570157,6.339188]]]},"properties":{"Nombre":"Asentamiento de Hecho Hato Viejo","CodigoPOT":"Sin codigo","codigoDANE":"Sin codigo","CodigoCatastro":"999","CodCOMUNA":"05","Extension":2.05,"Poblacion":0,"EstratoPredom":"Sin estratificar."}},{"type":"Feature","geometry":{"type":"Polygon","coordinates":[[[-75.567999,6.331815],[-75.568194,6.331792],[-75.568418,6.332],[-75.56866,6.332133],[-75.56882,6.332125],[-75.569038,6.332025],[-75.569232,6.331996],[-75.569457,6.332007],[-75.569682,6.332078],[-75.570035,6.33228],[-75.57026,6.332263],[-75.570414,6.332175],[-75.570806,6.331694],[-75.571229,6.331575],[-75.571381,6.331472],[-75.571658,6.331105],[-75.571697,6.3308],[-75.57166,6.330714],[-75.571369,6.330439],[-75.571252,6.330238],[-75.571139,6.330169],[-75.571014,6.330193],[-75.570567,6.330174],[-75.570336,6.330215],[-75.570194,6.330107],[-75.570104,6.330101],[-75.569923,6.330154],[-75.569651,6.330323],[-75.569572,6.330338],[-75.569509,6.330333],[-75.569494,6.330274],[-75.569335,6.330212],[-75.569133,6.330295],[-75.56893,6.330444],[-75.568193,6.3306],[-75.568191,6.3304],[-75.56806,6.330472],[-75.568052,6.330436],[-75.567725,6.330634],[-75.567555,6.330759],[-75.567544,6.330808],[-75.568019,6.330982],[-75.568063,6.331439],[-75.567999,6.331815]]]},"properties":{"Nombre":"Universidad San Buenaventura","CodigoPOT":"Sin Codigo","codigoDANE":"Sin Codigo","CodigoCatastro":"999","CodCOMUNA":"03","Extension":1.26,"Poblacion":0,"EstratoPredom":"No estratificada."}},{"type":"Feature","geometry":{"type":"Polygon","coordinates":[[[-75.573771,6.341239],[-75.574021,6.341251],[-75.574029,6.341107],[-75.573902,6.341099],[-75.57393,6.340579],[-75.573722,6.34059],[-75.573606,6.340462],[-75.573601,6.340416],[-75.573541,6.340407],[-75.573547,6.340294],[-75.573398,6.340286],[-75.5734,6.340249],[-75.573325,6.340245],[-75.573331,6.340138],[-75.573182,6.34013],[-75.573188,6.340021],[-75.573113,6.340017],[-75.573115,6.33998],[-75.572891,6.339968],[-75.572895,6.339895],[-75.572714,6.339885],[-75.572718,6.339816],[-75.572501,6.339805],[-75.572437,6.34062],[-75.572448,6.340822],[-75.572432,6.340857],[-75.572189,6.340863],[-75.572189,6.340896],[-75.57242,6.340929],[-75.57246,6.341021],[-75.572467,6.340973],[-75.572714,6.340978],[-75.57312,6.341004],[-75.573118,6.341045],[-75.573648,6.341074],[-75.573645,6.341119],[-75.573769,6.341101],[-75.573771,6.341239]]]},"properties":{"Nombre":"Urb. Aralias","CodigoPOT":"Sin codigo","codigoDANE":"Sin codigo","CodigoCatastro":"999","CodCOMUNA":"05","Extension":2.05,"Poblacion":0,"EstratoPredom":"Sin estratificar."}},{"type":"Feature","geometry":{"type":"Polygon","coordinates":[[[-75.574812,6.342077],[-75.574896,6.342074],[-75.574923,6.341539],[-75.574739,6.341529],[-75.574737,6.341464],[-75.574359,6.341331],[-75.574263,6.341358],[-75.573706,6.341294],[-75.573679,6.341823],[-75.574144,6.341889],[-75.574812,6.342077]]]},"properties":{"Nombre":"Urb. Peña Verde","CodigoPOT":"Sin codigo","codigoDANE":"Sin codigo","CodigoCatastro":"999","CodCOMUNA":"05","Extension":2.05,"Poblacion":0,"EstratoPredom":"Sin estratificar."}},{"type":"Feature","geometry":{"type":"Polygon","coordinates":[[[-75.570385,6.346735],[-75.569745,6.346804],[-75.569686,6.346301],[-75.569564,6.346299],[-75.569505,6.345682],[-75.569118,6.345719],[-75.569151,6.346012],[-75.568982,6.34603],[-75.569012,6.346323],[-75.56886,6.346339],[-75.568903,6.346898],[-75.569001,6.346887],[-75.569036,6.347205],[-75.569105,6.347198],[-75.56914,6.347517],[-75.569108,6.347521],[-75.569156,6.347808],[-75.569138,6.347928],[-75.569081,6.347934],[-75.569191,6.348292],[-75.569301,6.348468],[-75.569306,6.34869],[-75.569349,6.348709],[-75.569344,6.348751],[-75.569424,6.348852],[-75.569793,6.348684],[-75.569998,6.34866],[-75.570409,6.348483],[-75.570345,6.348207],[-75.570289,6.34771],[-75.570438,6.347694],[-75.570402,6.347376],[-75.570475,6.347354],[-75.570531,6.347224],[-75.570447,6.34701],[-75.570452,6.346729],[-75.570385,6.346735]]]},"properties":{"Nombre":"Urb. Villas de Comfenalco","CodigoPOT":" ","codigoDANE":" ","CodigoCatastro":" ","CodCOMUNA":" ","Extension":0,"Poblacion":0,"EstratoPredom":" "}},{"type":"Feature","geometry":{"type":"Polygon","coordinates":[[[-75.550281,6.311663],[-75.550011,6.3129],[-75.549802,6.313363],[-75.549562,6.313657],[-75.547705,6.315412],[-75.547324,6.316002],[-75.547168,6.316473],[-75.547953,6.316812],[-75.547974,6.316875],[-75.548257,6.317113],[-75.548528,6.317242],[-75.548632,6.317396],[-75.548616,6.317521],[-75.548698,6.317655],[-75.548724,6.317572],[-75.548808,6.317511],[-75.548891,6.317473],[-75.549041,6.317478],[-75.549419,6.317639],[-75.549577,6.317603],[-75.549655,6.317645],[-75.550189,6.317695],[-75.550434,6.317792],[-75.550576,6.317972],[-75.550706,6.317913],[-75.550811,6.317816],[-75.551104,6.317378],[-75.551115,6.317437],[-75.551225,6.317507],[-75.551535,6.317565],[-75.551844,6.31777],[-75.552063,6.317739],[-75.55223,6.317829],[-75.552612,6.317872],[-75.552595,6.31811],[-75.553436,6.318197],[-75.553532,6.316934],[-75.553376,6.315997],[-75.553371,6.31552],[-75.553456,6.315031],[-75.553371,6.314849],[-75.553005,6.314311],[-75.552969,6.314128],[-75.553046,6.313748],[-75.553223,6.313374],[-75.553488,6.312939],[-75.553797,6.312536],[-75.553849,6.312295],[-75.55378,6.311988],[-75.553499,6.311929],[-75.553353,6.312032],[-75.553197,6.311992],[-75.553009,6.312134],[-75.552878,6.312168],[-75.552715,6.312138],[-75.552526,6.312028],[-75.552403,6.312084],[-75.552239,6.312044],[-75.552092,6.312107],[-75.551926,6.312082],[-75.551645,6.312104],[-75.551305,6.31197],[-75.550802,6.311966],[-75.550663,6.311897],[-75.550447,6.311718],[-75.550281,6.311663]]]},"properties":{"Nombre":"Sector Velbedere","CodigoPOT":"10-01(11)","codigoDANE":"1001","CodigoCatastro":"011","CodCOMUNA":"10","Extension":0.13,"Poblacion":5934,"EstratoPredom":"Uno y Dos."}},{"type":"Feature","geometry":{"type":"Polygon","coordinates":[[[-75.535338,6.334123],[-75.535156,6.334416],[-75.535128,6.334874],[-75.535335,6.335687],[-75.535536,6.336163],[-75.53622,6.336043],[-75.537154,6.336001],[-75.537434,6.335945],[-75.53765,6.335859],[-75.537846,6.335842],[-75.537849,6.335511],[-75.53774,6.334985],[-75.537255,6.334306],[-75.537118,6.334042],[-75.535346,6.334098],[-75.535338,6.334123]]]},"properties":{"Nombre":"B. La Virginia","CodigoPOT":"10-01(11)","codigoDANE":"1001","CodigoCatastro":"011","CodCOMUNA":"10","Extension":0.13,"Poblacion":5934,"EstratoPredom":"Uno y Dos."}},{"type":"Feature","geometry":{"type":"Polygon","coordinates":[[[-75.544639,6.339869],[-75.544715,6.340581],[-75.544671,6.340899],[-75.54451,6.341188],[-75.544169,6.341504],[-75.545747,6.341082],[-75.545363,6.339655],[-75.544639,6.339869]]]},"properties":{"Nombre":"Sector El Consumo","CodigoPOT":"Sin codigo","codigoDANE":"Sin codigo","CodigoCatastro":"Sin codigo","CodCOMUNA":"08","Extension":0.515,"Poblacion":0,"EstratoPredom":"Por definir."}},{"type":"Feature","geometry":{"type":"Polygon","coordinates":[[[-75.544639,6.339869],[-75.542956,6.340306],[-75.543348,6.341724],[-75.544169,6.341504],[-75.544565,6.341115],[-75.544671,6.340899],[-75.544715,6.340641],[-75.544639,6.339869]]]},"properties":{"Nombre":"Urb. Laureles de Terranova","CodigoPOT":"Sin codigo","codigoDANE":"Sin codigo","CodigoCatastro":"Sin codigo","CodCOMUNA":"08","Extension":0.515,"Poblacion":0,"EstratoPredom":"Por definir."}},{"type":"Feature","geometry":{"type":"Polygon","coordinates":[[[-75.541578,6.342275],[-75.542973,6.34192],[-75.542966,6.34189],[-75.543364,6.341784],[-75.542956,6.340306],[-75.541221,6.340785],[-75.541099,6.340766],[-75.541433,6.342069],[-75.541478,6.342129],[-75.541545,6.342155],[-75.541578,6.342275]]]},"properties":{"Nombre":"Urb. Nogales","CodigoPOT":"Sin codigo","codigoDANE":"Sin codigo","CodigoCatastro":"Sin codigo","CodCOMUNA":"08","Extension":0.515,"Poblacion":0,"EstratoPredom":"Por definir."}},{"type":"Feature","geometry":{"type":"Polygon","coordinates":[[[-75.538448,6.330533],[-75.538525,6.330509],[-75.538842,6.330559],[-75.539094,6.330461],[-75.539257,6.330179],[-75.539687,6.329778],[-75.538935,6.328969],[-75.538458,6.329441],[-75.538229,6.329774],[-75.538071,6.330101],[-75.538448,6.330533]]]},"properties":{"Nombre":"Urb. Ciruelos","CodigoPOT":"09-02(22)","codigoDANE":"0902","CodigoCatastro":"022","CodCOMUNA":"09","Extension":0.051,"Poblacion":2809,"EstratoPredom":"Dos."}},{"type":"Feature","geometry":{"type":"Polygon","coordinates":[[[-75.541698,6.343699],[-75.541751,6.343908],[-75.541697,6.344106],[-75.541458,6.344783],[-75.541353,6.344762],[-75.541356,6.345009],[-75.54101,6.346063],[-75.542135,6.346407],[-75.542356,6.346408],[-75.542443,6.346365],[-75.542575,6.346368],[-75.543412,6.345822],[-75.543507,6.345672],[-75.543526,6.345545],[-75.543466,6.34535],[-75.543027,6.344874],[-75.542986,6.344759],[-75.542986,6.344655],[-75.543037,6.344509],[-75.543624,6.343114],[-75.543637,6.342846],[-75.543397,6.341913],[-75.54332,6.34196],[-75.54325,6.342088],[-75.543039,6.342578],[-75.543043,6.342817],[-75.54311,6.342903],[-75.542895,6.343077],[-75.542531,6.343227],[-75.54245,6.343304],[-75.542248,6.34366],[-75.542231,6.343746],[-75.54194,6.343645],[-75.541698,6.343699]]]},"properties":{"Nombre":"Proyecto Terranova","CodigoPOT":"Sin codigo","codigoDANE":"Sin codigo","CodigoCatastro":"Sin codigo","CodCOMUNA":"08","Extension":0.515,"Poblacion":0,"EstratoPredom":"Por definir."}},{"type":"Feature","geometry":{"type":"Polygon","coordinates":[[[-75.538888,6.342908],[-75.539436,6.343616],[-75.539498,6.343765],[-75.539549,6.344199],[-75.541686,6.343633],[-75.541698,6.343699],[-75.54194,6.343645],[-75.541888,6.343621],[-75.541917,6.343613],[-75.541559,6.342205],[-75.538888,6.342908]]]},"properties":{"Nombre":"Urb. San Francisco","CodigoPOT":"Sin codigo","codigoDANE":"Sin codigo","CodigoCatastro":"Sin codigo","CodCOMUNA":"08","Extension":0.515,"Poblacion":0,"EstratoPredom":"Por definir."}}]}
